ORDER_ID,LINE_ITEM_ID,PRODUCT_ID,UNIT_PRICE,QUANTITY
334,1,26,48.75,1
334,2,46,39.16,4
334,3,12,10.48,4
335,1,32,5.65,2
336,1,2,29.55,5
336,2,20,28.21,5
337,1,32,5.65,4
337,2,29,24.71,4
337,3,45,31.68,3
338,1,35,7.18,2
338,2,13,12.64,5
339,1,38,22.98,3
339,2,13,12.64,3
340,1,41,8.66,3
340,2,26,48.75,5
340,3,27,39.91,2
341,1,12,10.48,4
341,2,43,16.64,1
342,1,30,37.34,1
342,2,44,39.32,4
343,1,3,16.67,1
343,2,14,26.14,3
343,3,2,29.55,4
344,1,17,39.89,3
344,2,23,10.33,4
345,1,14,26.14,1
346,1,2,29.55,5
346,2,26,48.75,3
347,1,35,7.18,5
347,2,41,8.66,1
348,1,2,29.55,4
348,2,21,38.34,5
349,1,11,30.69,5
349,2,12,10.48,4
350,1,33,37,2
350,2,32,5.65,1
351,1,23,10.33,4
351,2,29,24.71,4
352,1,46,39.16,2
352,2,22,39.78,5
352,3,35,7.18,2
353,1,28,10.24,4
354,1,44,39.32,4
354,2,42,10.11,3
355,1,34,23.32,2
355,2,27,39.91,4
356,1,8,19.58,3
356,2,38,22.98,5
357,1,42,10.11,4
357,2,20,28.21,4
358,1,12,10.48,3
359,1,10,29.49,5
359,2,9,21.16,3
360,1,39,11,2
361,1,19,14.34,3
362,1,5,43.71,5
362,2,7,19.16,3
363,1,21,38.34,3
364,1,20,28.21,4
364,2,27,39.91,3
364,3,13,12.64,3
365,1,4,44.17,3
365,2,43,16.64,4
366,1,36,49.12,4
366,2,42,10.11,4
366,3,29,24.71,4
367,1,7,19.16,2
368,1,27,39.91,4
368,2,19,14.34,5
369,1,44,39.32,5
369,2,22,39.78,2
370,1,25,9.8,4
370,2,21,38.34,5
371,1,7,19.16,4
371,2,28,10.24,4
371,3,41,8.66,2
372,1,17,39.89,2
373,1,23,10.33,5
373,2,32,5.65,2
373,3,19,14.34,4
374,1,20,28.21,1
374,2,29,24.71,4
375,1,31,28.59,4
375,2,22,39.78,2
376,1,15,13.97,1
376,2,43,16.64,5
377,1,21,38.34,4
377,2,11,30.69,2
378,1,15,13.97,4
378,2,27,39.91,4
379,1,39,11,4
379,2,12,10.48,5
380,1,7,19.16,3
380,2,42,10.11,3
381,1,10,29.49,3
381,2,20,28.21,4
382,1,5,43.71,4
382,2,38,22.98,3
383,1,26,48.75,5
383,2,8,19.58,4
384,1,26,48.75,3
384,2,36,49.12,1
385,1,21,38.34,3
385,2,41,8.66,4
386,1,14,26.14,5
386,2,42,10.11,2
387,1,37,29.51,4
387,2,41,8.66,1
387,3,36,49.12,4
388,1,11,30.69,3
388,2,9,21.16,5
389,1,23,10.33,2
390,1,29,24.71,3
390,2,5,43.71,4
390,3,15,13.97,4
391,1,43,16.64,1
391,2,38,22.98,5
392,1,24,48.39,1
392,2,45,31.68,1
392,3,8,19.58,3
393,1,24,48.39,3
394,1,19,14.34,4
394,2,32,5.65,3
395,1,27,39.91,2
395,2,44,39.32,4
395,3,29,24.71,4
396,1,30,37.34,2
396,2,19,14.34,1
396,3,42,10.11,2
397,1,43,16.64,4
397,2,33,37,5
398,1,24,48.39,3
398,2,13,12.64,3
398,3,25,9.8,1
399,1,26,48.75,3
399,2,16,13.09,3
399,3,10,29.49,5
400,1,44,39.32,4
400,2,10,29.49,4
401,1,28,10.24,3
401,2,12,10.48,2
402,1,10,29.49,2
402,2,22,39.78,3
402,3,37,29.51,4
403,1,41,8.66,3
403,2,34,23.32,2
403,3,28,10.24,5
404,1,37,29.51,2
404,2,5,43.71,4
405,1,46,27.64,1
406,1,43,16.64,3
407,1,27,39.91,3
407,2,11,30.69,4
408,1,42,10.11,1
409,1,21,38.34,4
409,2,19,14.34,1
410,1,16,13.09,5
410,2,23,10.33,3
411,1,30,37.34,4
411,2,18,24.46,2
412,1,39,11,1
412,2,35,7.18,4
412,3,10,29.49,5
413,1,8,19.58,3
413,2,24,48.39,4
414,1,16,13.09,2
414,2,38,22.98,1
415,1,29,24.71,5
415,2,42,10.11,4
416,1,8,19.58,3
416,2,24,48.39,1
417,1,13,12.64,3
417,2,46,27.64,2
417,3,43,16.64,4
418,1,36,49.12,4
418,2,43,16.64,2
419,1,9,21.16,3
419,2,16,13.09,2
420,1,3,16.67,4
420,2,33,37,5
420,3,13,12.64,3
421,1,43,16.64,1
422,1,46,39.16,5
423,1,23,10.33,5
423,2,6,38.28,3
424,1,29,24.71,4
424,2,32,5.65,3
425,1,13,12.64,4
425,2,35,7.18,3
426,1,30,37.34,5
426,2,38,22.98,2
427,1,28,10.24,5
427,2,18,24.46,2
428,1,13,12.64,4
429,1,21,38.34,5
429,2,46,39.16,5
430,1,18,24.46,2
430,2,15,13.97,5
431,1,23,10.33,5
431,2,11,30.69,5
431,3,14,26.14,2
432,1,42,10.11,2
432,2,16,13.09,3
433,1,19,14.34,5
433,2,29,24.71,2
434,1,28,10.24,5
434,2,30,37.34,5
434,3,2,29.55,4
435,1,16,13.09,1
435,2,43,16.64,4
435,3,34,23.32,3
436,1,14,26.14,5
436,2,37,29.51,4
437,1,37,29.51,3
437,2,20,28.21,5
438,1,33,37,3
438,2,32,5.65,5
438,3,30,37.34,2
439,1,32,5.65,5
439,2,44,39.32,1
440,1,23,10.33,3
440,2,15,13.97,2
441,1,38,22.98,2
441,2,11,30.69,3
442,1,46,27.64,2
442,2,25,9.8,4
443,1,46,39.16,4
444,1,45,31.68,2
444,2,42,10.11,1
445,1,34,23.32,3
445,2,10,29.49,2
445,3,46,39.16,4
446,1,37,29.51,3
446,2,24,48.39,2
447,1,38,22.98,2
447,2,36,49.12,4
448,1,32,5.65,2
449,1,45,31.68,4
449,2,21,38.34,4
449,3,20,28.21,4
450,1,33,37,2
451,1,28,10.24,4
452,1,29,24.71,3
452,2,43,16.64,2
452,3,36,49.12,2
453,1,43,16.64,3
453,2,2,29.55,2
454,1,41,8.66,4
454,2,27,39.91,3
455,1,7,19.16,2
455,2,29,24.71,3
455,3,23,10.33,4
456,1,6,38.28,5
456,2,46,39.16,4
457,1,46,39.16,1
458,1,38,22.98,2
458,2,14,26.14,2
459,1,38,22.98,4
460,1,5,43.71,3
460,2,32,5.65,3
461,1,40,34.06,4
461,2,26,48.75,4
462,1,19,14.34,1
462,2,16,13.09,3
463,1,34,23.32,4
463,2,29,24.71,3
464,1,44,39.32,5
465,1,11,30.69,5
466,1,41,8.66,5
466,2,46,27.64,4
467,1,4,44.17,3
468,1,16,13.09,4
468,2,6,38.28,2
469,1,45,31.68,4
469,2,22,39.78,1
470,1,3,16.67,5
470,2,43,16.64,5
471,1,22,39.78,2
472,1,33,37,1
473,1,41,8.66,4
473,2,46,27.64,3
474,1,11,30.69,2
474,2,35,7.18,4
475,1,2,29.55,5
475,2,34,23.32,3
475,3,18,24.46,3
476,1,16,13.09,5
476,2,46,39.16,5
477,1,37,29.51,3
477,2,10,29.49,1
478,1,23,10.33,3
478,2,11,30.69,4
478,3,44,39.32,3
479,1,45,31.68,1
479,2,7,19.16,3
480,1,7,19.16,4
481,1,12,10.48,5
481,2,9,21.16,1
481,3,36,49.12,4
482,1,35,7.18,4
482,2,22,39.78,2
482,3,45,31.68,2
483,1,19,14.34,4
484,1,41,8.66,3
484,2,28,10.24,4
485,1,13,12.64,3
485,2,10,29.49,4
486,1,41,8.66,3
486,2,4,44.17,1
487,1,17,39.89,2
488,1,16,13.09,4
488,2,30,37.34,3
489,1,33,37,1
489,2,8,19.58,2
490,1,10,29.49,1
491,1,15,13.97,3
491,2,42,10.11,4
492,1,37,29.51,3
492,2,26,48.75,4
492,3,10,29.49,4
493,1,6,38.28,3
493,2,15,13.97,3
494,1,43,16.64,2
494,2,2,29.55,3
495,1,33,37,4
495,2,7,19.16,2
495,3,42,10.11,2
496,1,6,38.28,3
496,2,11,30.69,5
497,1,37,29.51,2
497,2,26,48.75,4
498,1,18,24.46,4
498,2,12,10.48,3
499,1,3,16.67,5
499,2,39,11,2
500,1,21,38.34,4
501,1,18,24.46,3
501,2,4,44.17,3
502,1,46,27.64,5
502,2,3,16.67,3
503,1,7,19.16,1
504,1,38,22.98,4
504,2,32,5.65,3
504,3,26,48.75,4
505,1,28,10.24,4
505,2,34,23.32,2
505,3,2,29.55,4
506,1,18,24.46,4
506,2,21,38.34,3
507,1,21,38.34,4
507,2,34,23.32,5
508,1,13,12.64,3
508,2,24,48.39,4
509,1,46,27.64,4
509,2,22,39.78,2
509,3,15,13.97,3
510,1,17,39.89,2
511,1,6,38.28,4
511,2,31,28.59,2
512,1,11,30.69,4
512,2,14,26.14,1
513,1,11,30.69,3
513,2,4,44.17,2
513,3,19,14.34,2
514,1,10,29.49,2
514,2,2,29.55,3
515,1,17,39.89,2
515,2,9,21.16,2
515,3,2,29.55,2
516,1,16,13.09,1
516,2,35,7.18,2
516,3,6,38.28,3
517,1,20,28.21,3
517,2,29,24.71,5
518,1,43,16.64,1
518,2,39,11,1
519,1,42,10.11,2
519,2,19,14.34,5
520,1,20,28.21,4
520,2,18,24.46,1
521,1,6,38.28,5
522,1,31,28.59,5
523,1,2,29.55,1
523,2,44,39.32,5
524,1,19,14.34,2
525,1,3,16.67,3
525,2,29,24.71,3
526,1,21,38.34,4
527,1,18,24.46,3
527,2,41,8.66,1
528,1,46,27.64,2
528,2,12,10.48,2
529,1,43,16.64,2
529,2,25,9.8,3
529,3,21,38.34,5
530,1,22,39.78,4
530,2,23,10.33,1
531,1,18,24.46,2
531,2,19,14.34,5
532,1,23,10.33,2
532,2,43,16.64,2
532,3,25,9.8,2
533,1,4,44.17,1
533,2,9,21.16,4
534,1,15,13.97,4
534,2,46,39.16,2
535,1,34,23.32,3
535,2,46,27.64,2
535,3,38,22.98,1
536,1,45,31.68,5
537,1,17,39.89,1
538,1,7,19.16,3
538,2,26,48.75,3
539,1,11,30.69,5
540,1,42,10.11,3
540,2,26,48.75,1
541,1,38,22.98,3
541,2,27,39.91,1
542,1,12,10.48,4
542,2,21,38.34,2
543,1,32,5.65,3
544,1,37,29.51,5
544,2,6,38.28,2
544,3,27,39.91,3
545,1,40,34.06,4
545,2,10,29.49,4
545,3,26,48.75,2
546,1,37,29.51,5
546,2,42,10.11,5
547,1,12,10.48,5
547,2,21,38.34,4
547,3,31,28.59,4
548,1,34,23.32,4
548,2,6,38.28,2
549,1,42,10.11,5
549,2,19,14.34,4
549,3,3,16.67,1
550,1,6,38.28,4
550,2,5,43.71,2
551,1,6,38.28,3
551,2,14,26.14,2
552,1,43,16.64,1
552,2,13,12.64,2
553,1,9,21.16,3
553,2,30,37.34,5
554,1,46,27.64,4
554,2,23,10.33,1
555,1,31,28.59,2
555,2,45,31.68,5
556,1,18,24.46,3
556,2,28,10.24,1
556,3,30,37.34,4
557,1,21,38.34,3
557,2,37,29.51,4
557,3,4,44.17,3
558,1,3,16.67,3
558,2,31,28.59,3
558,3,34,23.32,3
559,1,20,28.21,2
560,1,2,29.55,1
561,1,40,34.06,4
561,2,5,43.71,3
562,1,14,26.14,1
562,2,8,19.58,5
563,1,42,10.11,2
563,2,21,38.34,4
564,1,46,27.64,5
564,2,24,48.39,2
565,1,43,16.64,4
565,2,6,38.28,4
566,1,39,11,5
566,2,31,28.59,5
566,3,5,43.71,2
567,1,24,48.39,2
567,2,44,39.32,4
567,3,15,13.97,3
568,1,45,31.68,2
568,2,30,37.34,3
568,3,21,38.34,4
569,1,39,11,2
569,2,34,23.32,3
569,3,31,28.59,3
570,1,33,37,2
571,1,8,19.58,4
571,2,24,48.39,3
572,1,37,29.51,2
572,2,25,9.8,1
572,3,3,16.67,4
573,1,20,28.21,3
574,1,29,24.71,5
574,2,42,10.11,3
575,1,9,21.16,1
575,2,13,12.64,4
576,1,31,28.59,4
576,2,30,37.34,1
577,1,33,37,4
577,2,17,39.89,2
577,3,27,39.91,2
578,1,38,22.98,5
578,2,33,37,5
578,3,13,12.64,5
579,1,20,28.21,5
580,1,3,16.67,1
581,1,15,13.97,1
581,2,22,39.78,5
581,3,6,38.28,1
582,1,8,19.58,4
582,2,26,48.75,5
583,1,19,14.34,4
583,2,33,37,4
583,3,40,34.06,2
584,1,7,19.16,3
585,1,29,24.71,3
585,2,31,28.59,2
585,3,37,29.51,4
586,1,36,49.12,2
586,2,6,38.28,2
587,1,27,39.91,3
587,2,28,10.24,4
588,1,4,44.17,3
589,1,25,9.8,5
589,2,43,16.64,1
590,1,45,31.68,3
591,1,26,48.75,2
592,1,18,24.46,5
592,2,31,28.59,3
593,1,34,23.32,3
593,2,40,34.06,3
593,3,18,24.46,2
594,1,21,38.34,4
594,2,25,9.8,4
595,1,6,38.28,2
596,1,31,28.59,4
597,1,10,29.49,1
597,2,9,21.16,1
598,1,29,24.71,3
598,2,25,9.8,3
599,1,36,49.12,3
599,2,25,9.8,5
600,1,21,38.34,2
600,2,29,24.71,4
601,1,22,39.78,2
601,2,38,22.98,2
602,1,37,29.51,2
603,1,23,10.33,2
603,2,27,39.91,4
604,1,31,28.59,5
604,2,39,11,3
604,3,25,9.8,2
605,1,32,5.65,5
605,2,31,28.59,4
606,1,15,13.97,4
606,2,26,48.75,3
607,1,28,10.24,1
607,2,25,9.8,2
608,1,15,13.97,5
608,2,23,10.33,5
608,3,35,7.18,3
609,1,33,37,5
610,1,20,28.21,4
610,2,22,39.78,2
610,3,41,8.66,1
611,1,45,31.68,4
611,2,16,13.09,1
612,1,28,10.24,1
612,2,15,13.97,2
613,1,40,34.06,3
613,2,14,26.14,5
614,1,43,16.64,2
614,2,3,16.67,1
614,3,17,39.89,3
615,1,44,39.32,2
615,2,27,39.91,2
616,1,24,48.39,4
617,1,17,39.89,4
618,1,25,9.8,3
618,2,36,49.12,3
619,1,16,13.09,5
619,2,2,29.55,5
619,3,19,14.34,3
620,1,45,31.68,2
620,2,30,37.34,2
621,1,38,22.98,1
621,2,7,19.16,2
622,1,30,37.34,2
622,2,19,14.34,2
623,1,12,10.48,2
624,1,5,43.71,2
624,2,26,48.75,4
624,3,21,38.34,4
625,1,8,19.58,3
625,2,6,38.28,2
626,1,12,10.48,4
627,1,42,10.11,2
627,2,39,11,4
628,1,25,9.8,1
628,2,26,48.75,3
628,3,9,21.16,4
629,1,33,37,2
629,2,29,24.71,4
630,1,40,34.06,2
630,2,19,14.34,4
630,3,30,37.34,4
631,1,42,10.11,3
631,2,5,43.71,3
631,3,40,34.06,4
632,1,2,29.55,1
632,2,21,38.34,4
633,1,43,16.64,2
633,2,4,44.17,2
633,3,9,21.16,3
634,1,12,10.48,2
634,2,17,39.89,2
635,1,36,49.12,4
635,2,24,48.39,1
635,3,8,19.58,5
636,1,5,43.71,3
637,1,9,21.16,2
637,2,14,26.14,1
638,1,2,29.55,4
639,1,34,23.32,4
639,2,32,5.65,2
640,1,3,16.67,3
640,2,17,39.89,2
641,1,4,44.17,2
641,2,20,28.21,5
642,1,13,12.64,4
642,2,6,38.28,2
643,1,43,16.64,2
643,2,46,27.64,2
644,1,23,10.33,3
644,2,40,34.06,3
645,1,8,19.58,5
645,2,16,13.09,2
646,1,18,24.46,5
646,2,2,29.55,4
647,1,8,19.58,2
647,2,18,24.46,3
648,1,26,48.75,2
648,2,44,39.32,3
648,3,33,37,4
649,1,5,43.71,1
649,2,10,29.49,4
650,1,23,10.33,3
650,2,18,24.46,2
651,1,40,34.06,1
651,2,24,48.39,1
652,1,13,12.64,2
652,2,44,39.32,3
653,1,28,10.24,3
653,2,36,49.12,3
653,3,12,10.48,5
654,1,22,39.78,2
654,2,32,5.65,5
655,1,33,37,5
655,2,11,30.69,4
656,1,9,21.16,3
656,2,38,22.98,1
657,1,39,11,3
657,2,35,7.18,3
657,3,44,39.32,4
658,1,4,44.17,4
658,2,45,31.68,4
658,3,22,39.78,3
659,1,42,10.11,4
659,2,34,23.32,4
660,1,32,5.65,1
660,2,33,37,2
661,1,19,14.34,4
661,2,10,29.49,1
662,1,12,10.48,5
662,2,6,38.28,3
663,1,35,7.18,2
664,1,23,10.33,1
665,1,25,9.8,2
665,2,27,39.91,5
666,1,18,24.46,3
667,1,4,44.17,3
667,2,22,39.78,4
668,1,31,28.59,3
668,2,14,26.14,3
669,1,37,29.51,2
669,2,28,10.24,5
670,1,2,29.55,1
670,2,22,39.78,4
671,1,9,21.16,2
671,2,34,23.32,3
672,1,46,39.16,4
673,1,22,39.78,3
673,2,11,30.69,5
674,1,12,10.48,3
674,2,27,39.91,1
675,1,41,8.66,1
675,2,36,49.12,2
676,1,8,19.58,4
676,2,36,49.12,3
676,3,5,43.71,3
677,1,37,29.51,4
678,1,27,39.91,4
678,2,5,43.71,3
678,3,35,7.18,2
679,1,20,28.21,5
679,2,26,48.75,4
680,1,3,16.67,1
680,2,9,21.16,1
681,1,13,12.64,2
682,1,8,19.58,4
682,2,42,10.11,4
683,1,8,19.58,5
683,2,23,10.33,3
684,1,20,28.21,3
684,2,18,24.46,5
685,1,44,39.32,2
685,2,10,29.49,4
686,1,10,29.49,3
686,2,12,10.48,5
687,1,42,10.11,2
687,2,13,12.64,2
688,1,37,29.51,2
688,2,8,19.58,3
689,1,9,21.16,4
689,2,11,30.69,4
690,1,31,28.59,5
690,2,5,43.71,4
691,1,7,19.16,3
692,1,13,12.64,4
692,2,46,39.16,2
692,3,38,22.98,2
693,1,12,10.48,4
693,2,32,5.65,4
694,1,39,11,4
694,2,43,16.64,1
695,1,18,24.46,4
696,1,3,16.67,4
696,2,26,48.75,4
697,1,29,24.71,4
698,1,9,21.16,2
699,1,36,49.12,4
699,2,38,22.98,3
700,1,45,31.68,4
700,2,36,49.12,1
700,3,33,37,3
701,1,21,38.34,5
701,2,26,48.75,4
701,3,19,14.34,2
702,1,15,13.97,2
702,2,25,9.8,2
703,1,43,16.64,3
704,1,13,12.64,2
704,2,2,29.55,5
705,1,10,29.49,2
705,2,44,39.32,5
706,1,30,37.34,4
707,1,18,24.46,3
708,1,31,28.59,2
708,2,14,26.14,2
709,1,27,39.91,4
709,2,19,14.34,3
710,1,44,39.32,2
711,1,40,34.06,3
712,1,25,9.8,3
713,1,7,19.16,3
713,2,20,28.21,3
714,1,23,10.33,4
714,2,9,21.16,1
715,1,13,12.64,2
715,2,45,31.68,4
716,1,13,12.64,3
716,2,34,23.32,1
717,1,9,21.16,4
717,2,21,38.34,3
718,1,25,9.8,4
718,2,9,21.16,1
719,1,16,13.09,2
719,2,46,39.16,5
719,3,2,29.55,4
720,1,15,13.97,4
720,2,27,39.91,2
720,3,20,28.21,4
721,1,37,29.51,5
721,2,7,19.16,2
721,3,2,29.55,3
722,1,20,28.21,4
723,1,46,39.16,5
724,1,28,10.24,3
724,2,25,9.8,2
724,3,35,7.18,3
725,1,13,12.64,3
725,2,11,30.69,2
725,3,14,26.14,2
726,1,19,14.34,4
726,2,28,10.24,1
727,1,8,19.58,3
727,2,2,29.55,1
727,3,40,34.06,2
728,1,19,14.34,4
729,1,29,24.71,5
729,2,8,19.58,4
729,3,12,10.48,1
730,1,32,5.65,4
730,2,23,10.33,2
731,1,33,37,3
732,1,36,49.12,4
733,1,7,19.16,4
734,1,38,22.98,2
734,2,15,13.97,2
735,1,29,24.71,3
735,2,27,39.91,3
736,1,18,24.46,3
736,2,15,13.97,2
736,3,19,14.34,2
737,1,24,48.39,4
737,2,5,43.71,2
738,1,26,48.75,1
738,2,45,31.68,3
739,1,11,30.69,3
739,2,22,39.78,4
739,3,10,29.49,4
740,1,30,37.34,2
740,2,44,39.32,1
740,3,40,34.06,2
741,1,27,39.91,3
741,2,37,29.51,3
742,1,46,27.64,4
742,2,35,7.18,2
742,3,12,10.48,2
743,1,7,19.16,3
743,2,38,22.98,3
744,1,41,8.66,1
744,2,34,23.32,3
745,1,29,24.71,4
745,2,46,27.64,4
746,1,41,8.66,1
746,2,33,37,1
747,1,9,21.16,4
747,2,13,12.64,1
748,1,43,16.64,2
748,2,31,28.59,4
748,3,14,26.14,2
749,1,35,7.18,2
749,2,22,39.78,2
750,1,19,14.34,3
750,2,6,38.28,1
750,3,4,44.17,5
751,1,30,37.34,1
751,2,6,38.28,4
752,1,20,28.21,3
752,2,7,19.16,1
752,3,15,13.97,2
753,1,16,13.09,3
753,2,11,30.69,5
753,3,30,37.34,2
754,1,40,34.06,3
754,2,38,22.98,3
754,3,3,16.67,2
755,1,15,13.97,4
755,2,20,28.21,4
756,1,38,22.98,4
756,2,27,39.91,2
757,1,9,21.16,1
757,2,38,22.98,1
758,1,16,13.09,3
758,2,44,39.32,1
758,3,25,9.8,4
759,1,13,12.64,4
759,2,45,31.68,5
760,1,46,39.16,5
760,2,20,28.21,1
761,1,33,37,3
761,2,2,29.55,2
762,1,7,19.16,3
763,1,35,7.18,4
763,2,39,11,4
764,1,33,37,2
764,2,27,39.91,1
765,1,34,23.32,5
765,2,13,12.64,5
766,1,12,10.48,3
767,1,28,10.24,4
767,2,3,16.67,3
767,3,14,26.14,2
768,1,30,37.34,3
768,2,27,39.91,3
769,1,42,10.11,2
770,1,28,10.24,4
770,2,24,48.39,4
771,1,46,27.64,2
771,2,44,39.32,3
772,1,29,24.71,4
773,1,40,34.06,1
773,2,5,43.71,5
774,1,9,21.16,3
774,2,37,29.51,2
775,1,23,10.33,4
776,1,46,39.16,5
776,2,6,38.28,2
777,1,22,39.78,5
777,2,11,30.69,4
778,1,13,12.64,4
778,2,6,38.28,1
779,1,26,48.75,2
779,2,33,37,3
779,3,44,39.32,1
780,1,40,34.06,4
780,2,6,38.28,5
781,1,19,14.34,2
781,2,3,16.67,2
782,1,27,39.91,4
782,2,18,24.46,3
783,1,3,16.67,2
783,2,38,22.98,3
783,3,2,29.55,4
784,1,46,27.64,5
785,1,12,10.48,4
785,2,46,39.16,3
786,1,32,5.65,2
786,2,25,9.8,2
787,1,16,13.09,5
787,2,19,14.34,3
787,3,26,48.75,4
788,1,28,10.24,4
788,2,11,30.69,2
789,1,23,10.33,3
789,2,46,39.16,3
789,3,18,24.46,3
790,1,44,39.32,2
790,2,7,19.16,3
791,1,45,31.68,5
791,2,8,19.58,2
792,1,14,26.14,5
792,2,30,37.34,2
793,1,4,44.17,5
793,2,24,48.39,3
793,3,41,8.66,3
794,1,18,24.46,4
795,1,17,39.89,1
795,2,25,9.8,2
795,3,4,44.17,4
796,1,9,21.16,2
796,2,25,9.8,2
796,3,6,38.28,3
797,1,24,48.39,1
797,2,45,31.68,5
798,1,24,48.39,5
798,2,29,24.71,5
799,1,31,28.59,5
799,2,34,23.32,2
800,1,12,10.48,2
800,2,23,10.33,3
800,3,7,19.16,2
801,1,32,5.65,3
801,2,18,24.46,3
802,1,11,30.69,2
802,2,22,39.78,1
803,1,17,39.89,3
803,2,30,37.34,2
804,1,42,10.11,4
804,2,40,34.06,2
805,1,44,39.32,2
805,2,18,24.46,1
806,1,46,27.64,3
806,2,26,48.75,4
806,3,4,44.17,4
807,1,17,39.89,3
807,2,15,13.97,5
807,3,45,31.68,3
808,1,39,11,3
808,2,13,12.64,3
809,1,37,29.51,4
809,2,36,49.12,2
809,3,18,24.46,5
810,1,29,24.71,4
810,2,12,10.48,2
811,1,3,16.67,1
811,2,44,39.32,3
811,3,17,39.89,4
812,1,7,19.16,3
812,2,45,31.68,5
812,3,43,16.64,4
813,1,36,49.12,2
814,1,34,23.32,2
814,2,39,11,1
815,1,43,16.64,3
815,2,15,13.97,4
815,3,25,9.8,2
816,1,8,19.58,1
816,2,10,29.49,4
817,1,33,37,2
817,2,11,30.69,2
818,1,29,24.71,4
1,1,33,37,4
1,2,11,30.69,2
2,1,41,8.66,3
2,2,32,5.65,5
3,1,41,8.66,5
4,1,20,28.21,2
4,2,38,22.98,4
4,3,46,39.16,4
5,1,40,34.06,4
5,2,32,5.65,3
6,1,6,38.28,3
6,2,9,21.16,4
7,1,36,49.12,4
7,2,29,24.71,1
8,1,36,49.12,4
8,2,38,22.98,4
8,3,46,27.64,1
9,1,15,13.97,5
9,2,32,5.65,2
10,1,27,39.91,3
10,2,34,23.32,5
10,3,5,43.71,3
11,1,3,16.67,4
12,1,5,43.71,1
12,2,46,39.16,3
13,1,46,39.16,4
14,1,31,28.59,1
15,1,33,37,2
15,2,32,5.65,2
16,1,41,8.66,5
16,2,34,23.32,4
17,1,46,39.16,4
17,2,26,48.75,4
18,1,17,39.89,4
18,2,27,39.91,4
19,1,13,12.64,3
19,2,8,19.58,2
19,3,24,48.39,4
20,1,27,39.91,4
20,2,9,21.16,2
20,3,32,5.65,2
21,1,38,22.98,1
21,2,11,30.69,4
22,1,10,29.49,2
22,2,30,37.34,5
23,1,33,37,4
23,2,9,21.16,1
24,1,26,48.75,1
24,2,10,29.49,1
25,1,36,49.12,2
26,1,14,26.14,2
26,2,20,28.21,2
27,1,39,11,2
27,2,4,44.17,3
27,3,11,30.69,2
28,1,38,22.98,4
28,2,36,49.12,3
29,1,26,48.75,2
29,2,23,10.33,4
30,1,22,39.78,5
30,2,41,8.66,2
31,1,46,39.16,2
31,2,37,29.51,5
32,1,13,12.64,3
33,1,7,19.16,3
33,2,25,9.8,4
34,1,14,26.14,3
35,1,35,7.18,4
35,2,32,5.65,5
36,1,38,22.98,4
36,2,30,37.34,2
37,1,16,13.09,4
37,2,32,5.65,5
38,1,3,16.67,3
38,2,41,8.66,1
38,3,18,24.46,3
39,1,41,8.66,2
39,2,26,48.75,2
40,1,40,34.06,2
41,1,9,21.16,4
41,2,40,34.06,1
42,1,45,31.68,4
42,2,2,29.55,2
43,1,39,11,4
43,2,28,10.24,3
44,1,42,10.11,3
44,2,26,48.75,5
45,1,30,37.34,5
45,2,11,30.69,2
46,1,45,31.68,5
47,1,30,37.34,2
47,2,28,10.24,3
48,1,12,10.48,4
48,2,38,22.98,4
49,1,27,39.91,4
49,2,39,11,4
50,1,32,5.65,3
50,2,41,8.66,3
51,1,38,22.98,2
52,1,15,13.97,2
52,2,17,39.89,3
53,1,9,21.16,3
54,1,44,39.32,4
54,2,2,29.55,4
54,3,43,16.64,3
55,1,33,37,1
55,2,17,39.89,4
56,1,2,29.55,3
57,1,28,10.24,5
58,1,15,13.97,1
58,2,21,38.34,4
59,1,7,19.16,1
59,2,39,11,3
60,1,13,12.64,3
60,2,19,14.34,3
60,3,3,16.67,3
61,1,46,27.64,5
62,1,3,16.67,2
62,2,40,34.06,3
62,3,13,12.64,2
63,1,7,19.16,3
63,2,24,48.39,2
64,1,10,29.49,3
64,2,23,10.33,4
64,3,5,43.71,1
65,1,40,34.06,2
65,2,10,29.49,3
65,3,5,43.71,2
66,1,5,43.71,5
66,2,12,10.48,5
67,1,4,44.17,1
67,2,20,28.21,3
68,1,29,24.71,4
68,2,8,19.58,4
69,1,21,38.34,2
69,2,23,10.33,2
70,1,23,10.33,3
70,2,30,37.34,3
71,1,6,38.28,1
72,1,27,39.91,5
72,2,17,39.89,4
73,1,37,29.51,4
73,2,39,11,2
74,1,17,39.89,4
74,2,12,10.48,5
74,3,2,29.55,5
75,1,17,39.89,5
76,1,33,37,5
76,2,20,28.21,1
77,1,5,43.71,1
77,2,3,16.67,2
78,1,3,16.67,4
78,2,35,7.18,1
78,3,9,21.16,5
79,1,34,23.32,2
79,2,8,19.58,4
79,3,4,44.17,3
80,1,41,8.66,2
80,2,8,19.58,5
81,1,18,24.46,5
81,2,42,10.11,1
82,1,21,38.34,2
82,2,10,29.49,1
83,1,13,12.64,4
83,2,26,48.75,4
84,1,31,28.59,1
84,2,30,37.34,5
84,3,11,30.69,1
85,1,4,44.17,2
85,2,13,12.64,1
86,1,45,31.68,5
86,2,30,37.34,5
87,1,22,39.78,2
87,2,2,29.55,5
87,3,21,38.34,1
88,1,25,9.8,2
89,1,33,37,1
89,2,32,5.65,4
90,1,5,43.71,2
90,2,14,26.14,5
91,1,16,13.09,2
92,1,15,13.97,1
93,1,26,48.75,4
93,2,3,16.67,4
94,1,4,44.17,2
94,2,39,11,3
94,3,40,34.06,4
95,1,30,37.34,4
95,2,45,31.68,2
96,1,29,24.71,3
97,1,22,39.78,4
97,2,20,28.21,4
98,1,38,22.98,4
98,2,30,37.34,3
99,1,23,10.33,2
99,2,20,28.21,3
100,1,11,30.69,3
101,1,34,23.32,2
101,2,35,7.18,5
102,1,18,24.46,5
102,2,3,16.67,4
103,1,30,37.34,5
103,2,41,8.66,3
104,1,19,14.34,4
104,2,35,7.18,1
105,1,30,37.34,1
106,1,39,11,1
106,2,38,22.98,4
107,1,7,19.16,1
107,2,10,29.49,2
108,1,44,39.32,4
108,2,28,10.24,4
108,3,45,31.68,4
109,1,10,29.49,3
110,1,24,48.39,3
110,2,19,14.34,4
111,1,46,39.16,3
111,2,22,39.78,3
112,1,19,14.34,4
113,1,28,10.24,1
113,2,34,23.32,1
114,1,30,37.34,3
114,2,46,27.64,3
115,1,46,39.16,4
115,2,14,26.14,3
116,1,17,39.89,4
117,1,9,21.16,3
117,2,25,9.8,2
118,1,14,26.14,4
118,2,2,29.55,3
118,3,22,39.78,4
119,1,38,22.98,2
119,2,2,29.55,5
120,1,24,48.39,4
120,2,25,9.8,1
121,1,18,24.46,4
121,2,14,26.14,2
122,1,42,10.11,5
122,2,29,24.71,4
122,3,11,30.69,5
123,1,19,14.34,1
123,2,42,10.11,5
123,3,39,11,2
124,1,2,29.55,2
124,2,21,38.34,5
125,1,22,39.78,2
125,2,39,11,4
126,1,45,31.68,3
127,1,27,39.91,3
127,2,22,39.78,3
128,1,38,22.98,4
128,2,34,23.32,2
129,1,6,38.28,5
129,2,11,30.69,4
130,1,16,13.09,1
130,2,46,39.16,3
130,3,11,30.69,4
131,1,13,12.64,1
131,2,11,30.69,5
132,1,11,30.69,4
132,2,31,28.59,2
132,3,10,29.49,4
133,1,10,29.49,3
133,2,22,39.78,1
133,3,42,10.11,5
134,1,44,39.32,3
134,2,11,30.69,4
134,3,36,49.12,2
135,1,35,7.18,5
135,2,38,22.98,3
136,1,24,48.39,2
137,1,42,10.11,3
137,2,36,49.12,1
137,3,11,30.69,2
138,1,12,10.48,3
138,2,2,29.55,1
138,3,27,39.91,5
139,1,34,23.32,4
139,2,12,10.48,4
139,3,16,13.09,3
140,1,41,8.66,2
140,2,22,39.78,1
141,1,34,23.32,4
141,2,31,28.59,5
141,3,18,24.46,4
142,1,27,39.91,3
142,2,35,7.18,1
143,1,32,5.65,4
143,2,38,22.98,2
144,1,24,48.39,1
144,2,18,24.46,2
144,3,25,9.8,4
145,1,39,11,1
145,2,27,39.91,4
146,1,7,19.16,3
146,2,23,10.33,1
146,3,11,30.69,3
147,1,20,28.21,4
147,2,9,21.16,2
148,1,22,39.78,3
149,1,15,13.97,3
149,2,35,7.18,3
150,1,30,37.34,3
150,2,3,16.67,1
150,3,26,48.75,3
151,1,41,8.66,4
151,2,39,11,4
152,1,5,43.71,3
152,2,19,14.34,3
153,1,35,7.18,4
153,2,43,16.64,2
154,1,15,13.97,1
154,2,19,14.34,2
155,1,24,48.39,4
155,2,39,11,5
156,1,26,48.75,3
157,1,3,16.67,4
158,1,12,10.48,3
158,2,18,24.46,2
158,3,17,39.89,3
159,1,8,19.58,2
160,1,10,29.49,3
160,2,5,43.71,3
161,1,12,10.48,2
161,2,4,44.17,2
161,3,33,37,5
162,1,23,10.33,2
162,2,31,28.59,2
163,1,45,31.68,4
163,2,13,12.64,4
164,1,16,13.09,3
164,2,35,7.18,1
165,1,38,22.98,4
165,2,26,48.75,2
166,1,27,39.91,2
166,2,45,31.68,2
167,1,14,26.14,4
167,2,24,48.39,5
167,3,20,28.21,4
168,1,36,49.12,3
169,1,44,39.32,1
169,2,21,38.34,4
170,1,6,38.28,4
170,2,41,8.66,3
171,1,19,14.34,2
171,2,26,48.75,4
172,1,23,10.33,3
172,2,7,19.16,4
173,1,43,16.64,2
173,2,14,26.14,1
174,1,38,22.98,4
174,2,29,24.71,4
175,1,18,24.46,2
175,2,29,24.71,3
175,3,26,48.75,2
176,1,38,22.98,5
176,2,20,28.21,5
177,1,15,13.97,3
178,1,41,8.66,3
178,2,15,13.97,2
178,3,22,39.78,1
179,1,21,38.34,1
179,2,33,37,2
180,1,8,19.58,2
181,1,46,39.16,3
181,2,3,16.67,3
182,1,23,10.33,4
182,2,20,28.21,2
183,1,5,43.71,4
183,2,46,27.64,4
184,1,29,24.71,2
184,2,13,12.64,1
185,1,39,11,2
185,2,12,10.48,4
186,1,16,13.09,1
186,2,46,39.16,1
186,3,33,37,1
187,1,27,39.91,3
187,2,7,19.16,4
188,1,29,24.71,2
188,2,25,9.8,2
189,1,38,22.98,3
189,2,24,48.39,1
190,1,15,13.97,3
191,1,45,31.68,5
191,2,42,10.11,3
192,1,45,31.68,3
192,2,43,16.64,3
192,3,17,39.89,3
193,1,46,39.16,5
193,2,45,31.68,2
194,1,32,5.65,5
194,2,36,49.12,2
195,1,19,14.34,5
195,2,4,44.17,1
196,1,3,16.67,3
196,2,23,10.33,4
197,1,36,49.12,2
197,2,28,10.24,2
197,3,34,23.32,4
198,1,12,10.48,1
198,2,36,49.12,1
199,1,6,38.28,5
199,2,16,13.09,2
200,1,26,48.75,4
201,1,19,14.34,4
201,2,36,49.12,2
202,1,33,37,3
203,1,11,30.69,1
203,2,22,39.78,3
204,1,33,37,4
204,2,12,10.48,2
205,1,26,48.75,4
205,2,17,39.89,2
206,1,25,9.8,1
206,2,45,31.68,5
206,3,43,16.64,4
207,1,34,23.32,2
207,2,23,10.33,5
208,1,30,37.34,1
209,1,45,31.68,2
210,1,8,19.58,3
211,1,11,30.69,5
212,1,25,9.8,4
212,2,22,39.78,4
212,3,39,11,3
213,1,17,39.89,2
213,2,32,5.65,3
214,1,36,49.12,3
215,1,35,7.18,5
215,2,33,37,1
215,3,3,16.67,3
216,1,3,16.67,1
216,2,31,28.59,3
216,3,13,12.64,1
217,1,43,16.64,3
217,2,15,13.97,1
217,3,19,14.34,1
218,1,23,10.33,4
218,2,45,31.68,4
219,1,24,48.39,4
219,2,33,37,1
220,1,15,13.97,1
220,2,13,12.64,2
221,1,21,38.34,4
221,2,41,8.66,4
222,1,22,39.78,2
222,2,41,8.66,4
223,1,37,29.51,5
223,2,32,5.65,2
223,3,25,9.8,1
224,1,31,28.59,3
224,2,37,29.51,2
224,3,5,43.71,2
225,1,17,39.89,5
225,2,29,24.71,4
225,3,4,44.17,4
226,1,32,5.65,3
226,2,19,14.34,2
226,3,2,29.55,5
227,1,32,5.65,1
227,2,2,29.55,5
228,1,37,29.51,5
228,2,33,37,4
228,3,32,5.65,3
229,1,14,26.14,2
229,2,44,39.32,3
230,1,14,26.14,2
230,2,17,39.89,4
231,1,30,37.34,3
231,2,8,19.58,2
232,1,40,34.06,4
232,2,34,23.32,4
232,3,29,24.71,4
233,1,2,29.55,1
233,2,20,28.21,5
234,1,36,49.12,5
234,2,3,16.67,4
234,3,37,29.51,4
235,1,46,39.16,5
235,2,19,14.34,4
236,1,38,22.98,1
237,1,3,16.67,4
238,1,15,13.97,4
238,2,40,34.06,3
239,1,29,24.71,2
239,2,11,30.69,3
240,1,12,10.48,2
240,2,17,39.89,4
241,1,29,24.71,3
241,2,42,10.11,4
242,1,18,24.46,4
243,1,2,29.55,4
243,2,20,28.21,3
244,1,11,30.69,1
244,2,16,13.09,2
245,1,6,38.28,4
245,2,44,39.32,2
246,1,6,38.28,4
246,2,16,13.09,3
247,1,46,39.16,2
247,2,24,48.39,3
247,3,27,39.91,1
248,1,40,34.06,4
248,2,30,37.34,2
249,1,5,43.71,3
249,2,17,39.89,5
250,1,21,38.34,4
250,2,34,23.32,3
251,1,14,26.14,4
251,2,34,23.32,2
252,1,2,29.55,1
252,2,30,37.34,4
253,1,18,24.46,4
254,1,3,16.67,2
255,1,21,38.34,1
256,1,13,12.64,2
256,2,5,43.71,4
257,1,14,26.14,4
257,2,21,38.34,5
258,1,23,10.33,5
258,2,44,39.32,2
258,3,30,37.34,3
259,1,30,37.34,3
259,2,21,38.34,1
259,3,23,10.33,3
260,1,34,23.32,5
260,2,44,39.32,3
261,1,23,10.33,3
262,1,4,44.17,4
263,1,16,13.09,2
263,2,9,21.16,2
263,3,2,29.55,4
264,1,20,28.21,1
264,2,9,21.16,4
265,1,16,13.09,2
265,2,26,48.75,4
265,3,22,39.78,2
266,1,17,39.89,3
266,2,42,10.11,3
267,1,28,10.24,4
268,1,32,5.65,3
268,2,24,48.39,3
269,1,43,16.64,5
269,2,34,23.32,5
270,1,10,29.49,5
270,2,15,13.97,4
270,3,43,16.64,3
271,1,14,26.14,3
271,2,33,37,3
271,3,20,28.21,2
272,1,33,37,2
272,2,5,43.71,4
272,3,43,16.64,4
273,1,31,28.59,2
274,1,23,10.33,3
274,2,18,24.46,3
275,1,29,24.71,1
275,2,6,38.28,4
275,3,33,37,2
276,1,45,31.68,3
276,2,2,29.55,1
277,1,3,16.67,3
277,2,15,13.97,2
278,1,24,48.39,4
278,2,36,49.12,2
278,3,16,13.09,4
279,1,41,8.66,5
279,2,23,10.33,5
279,3,16,13.09,2
280,1,40,34.06,5
281,1,5,43.71,2
281,2,16,13.09,3
281,3,36,49.12,4
282,1,35,7.18,2
282,2,31,28.59,5
283,1,46,27.64,5
283,2,4,44.17,3
284,1,42,10.11,3
284,2,14,26.14,4
285,1,45,31.68,2
286,1,41,8.66,2
286,2,11,30.69,1
287,1,42,10.11,4
287,2,38,22.98,3
288,1,33,37,2
288,2,5,43.71,2
289,1,34,23.32,5
290,1,11,30.69,4
290,2,27,39.91,5
290,3,38,22.98,2
291,1,41,8.66,4
291,2,37,29.51,1
292,1,27,39.91,3
293,1,42,10.11,4
293,2,17,39.89,4
293,3,9,21.16,2
294,1,36,49.12,3
294,2,18,24.46,3
295,1,9,21.16,2
295,2,11,30.69,3
296,1,19,14.34,2
296,2,43,16.64,2
297,1,15,13.97,3
298,1,9,21.16,4
298,2,43,16.64,3
299,1,34,23.32,3
299,2,41,8.66,2
300,1,3,16.67,4
300,2,10,29.49,3
301,1,5,43.71,3
301,2,30,37.34,1
302,1,36,49.12,3
302,2,3,16.67,4
303,1,32,5.65,4
304,1,30,37.34,4
304,2,42,10.11,2
304,3,8,19.58,2
305,1,9,21.16,4
305,2,22,39.78,2
306,1,28,10.24,3
307,1,38,22.98,4
307,2,19,14.34,3
308,1,13,12.64,4
309,1,29,24.71,1
309,2,45,31.68,1
310,1,21,38.34,2
310,2,36,49.12,4
311,1,34,23.32,3
311,2,41,8.66,1
312,1,8,19.58,3
312,2,46,27.64,4
312,3,45,31.68,1
313,1,45,31.68,2
313,2,7,19.16,2
314,1,36,49.12,4
314,2,6,38.28,3
315,1,6,38.28,4
316,1,18,24.46,1
317,1,12,10.48,4
318,1,17,39.89,4
319,1,12,10.48,5
319,2,42,10.11,1
320,1,25,9.8,3
320,2,38,22.98,2
321,1,18,24.46,3
322,1,34,23.32,3
322,2,14,26.14,5
322,3,11,30.69,3
323,1,25,9.8,2
324,1,44,39.32,3
324,2,27,39.91,2
324,3,21,38.34,3
325,1,38,22.98,1
326,1,10,29.49,2
327,1,16,13.09,2
327,2,8,19.58,5
328,1,25,9.8,5
328,2,23,10.33,3
329,1,26,48.75,1
329,2,23,10.33,4
330,1,29,24.71,3
330,2,2,29.55,3
330,3,45,31.68,4
331,1,34,23.32,2
332,1,15,13.97,3
332,2,30,37.34,2
333,1,30,37.34,3
333,2,38,22.98,5
818,2,45,31.68,3
818,3,13,12.64,3
819,1,5,43.71,1
820,1,5,43.71,3
820,2,15,13.97,2
821,1,12,10.48,2
821,2,25,9.8,2
822,1,44,39.32,2
822,2,24,48.39,3
823,1,39,11,3
824,1,7,19.16,5
824,2,42,10.11,2
824,3,21,38.34,5
825,1,27,39.91,1
825,2,25,9.8,4
826,1,7,19.16,1
826,2,2,29.55,3
826,3,15,13.97,5
827,1,43,16.64,5
827,2,46,27.64,3
828,1,18,24.46,4
828,2,46,27.64,2
829,1,13,12.64,1
830,1,7,19.16,1
831,1,26,48.75,4
831,2,15,13.97,1
832,1,10,29.49,4
832,2,9,21.16,4
833,1,18,24.46,5
833,2,7,19.16,3
833,3,6,38.28,2
834,1,12,10.48,3
834,2,45,31.68,4
835,1,28,10.24,3
836,1,24,48.39,5
836,2,30,37.34,4
837,1,33,37,5
838,1,39,11,4
839,1,38,22.98,3
839,2,7,19.16,5
840,1,25,9.8,4
840,2,11,30.69,5
840,3,3,16.67,4
841,1,24,48.39,4
842,1,23,10.33,4
842,2,15,13.97,2
842,3,40,34.06,4
843,1,17,39.89,3
843,2,33,37,2
843,3,8,19.58,2
844,1,6,38.28,1
845,1,26,48.75,2
845,2,5,43.71,3
846,1,16,13.09,5
846,2,46,39.16,2
847,1,17,39.89,2
847,2,6,38.28,5
847,3,27,39.91,5
848,1,38,22.98,2
848,2,19,14.34,2
849,1,3,16.67,2
849,2,35,7.18,2
850,1,8,19.58,3
850,2,11,30.69,3
851,1,39,11,2
851,2,16,13.09,4
852,1,11,30.69,2
852,2,30,37.34,4
853,1,30,37.34,1
853,2,42,10.11,2
853,3,20,28.21,2
854,1,15,13.97,2
854,2,25,9.8,3
854,3,37,29.51,2
855,1,36,49.12,2
856,1,21,38.34,4
856,2,20,28.21,3
856,3,14,26.14,4
857,1,29,24.71,2
857,2,15,13.97,2
858,1,9,21.16,3
858,2,39,11,3
859,1,5,43.71,5
859,2,22,39.78,4
860,1,12,10.48,2
860,2,30,37.34,4
860,3,28,10.24,1
861,1,31,28.59,5
861,2,18,24.46,5
862,1,23,10.33,1
862,2,33,37,4
863,1,36,49.12,1
864,1,19,14.34,3
865,1,32,5.65,3
865,2,45,31.68,2
866,1,32,5.65,5
866,2,31,28.59,2
866,3,39,11,4
867,1,21,38.34,4
868,1,44,39.32,3
869,1,11,30.69,3
869,2,27,39.91,4
870,1,20,28.21,3
870,2,2,29.55,3
871,1,22,39.78,4
871,2,32,5.65,3
871,3,4,44.17,2
872,1,13,12.64,5
873,1,42,10.11,2
874,1,46,27.64,2
874,2,27,39.91,4
875,1,38,22.98,4
875,2,40,34.06,4
876,1,41,8.66,2
876,2,46,39.16,3
877,1,5,43.71,5
877,2,11,30.69,4
877,3,25,9.8,2
878,1,36,49.12,2
879,1,41,8.66,4
879,2,43,16.64,5
880,1,39,11,2
881,1,35,7.18,3
881,2,12,10.48,2
881,3,42,10.11,5
882,1,14,26.14,2
882,2,28,10.24,1
882,3,36,49.12,1
883,1,32,5.65,2
883,2,3,16.67,4
884,1,22,39.78,1
884,2,36,49.12,4
885,1,26,48.75,5
885,2,23,10.33,4
886,1,15,13.97,4
887,1,24,48.39,3
888,1,20,28.21,4
888,2,28,10.24,4
888,3,16,13.09,2
889,1,5,43.71,4
890,1,46,27.64,2
890,2,35,7.18,2
890,3,22,39.78,4
891,1,31,28.59,3
892,1,12,10.48,1
892,2,34,23.32,2
892,3,28,10.24,3
893,1,14,26.14,1
893,2,36,49.12,5
894,1,40,34.06,1
894,2,44,39.32,5
894,3,46,27.64,2
895,1,22,39.78,3
895,2,46,27.64,3
896,1,44,39.32,4
896,2,30,37.34,1
897,1,8,19.58,1
897,2,21,38.34,1
898,1,26,48.75,1
899,1,31,28.59,2
900,1,2,29.55,2
900,2,45,31.68,3
900,3,6,38.28,2
901,1,13,12.64,2
902,1,42,10.11,4
902,2,26,48.75,5
903,1,40,34.06,1
904,1,35,7.18,5
904,2,2,29.55,1
905,1,10,29.49,4
906,1,18,24.46,1
906,2,15,13.97,4
907,1,31,28.59,5
907,2,39,11,4
907,3,19,14.34,4
908,1,12,10.48,1
908,2,4,44.17,5
909,1,45,31.68,3
909,2,28,10.24,4
910,1,30,37.34,4
910,2,29,24.71,4
911,1,26,48.75,3
911,2,27,39.91,3
912,1,21,38.34,3
912,2,31,28.59,3
913,1,46,27.64,4
913,2,28,10.24,2
914,1,27,39.91,2
914,2,17,39.89,1
915,1,32,5.65,2
916,1,31,28.59,4
916,2,42,10.11,1
917,1,46,27.64,2
918,1,26,48.75,4
918,2,5,43.71,4
918,3,17,39.89,4
919,1,32,5.65,1
919,2,7,19.16,3
919,3,43,16.64,3
920,1,41,8.66,2
920,2,4,44.17,4
921,1,37,29.51,4
921,2,42,10.11,4
922,1,28,10.24,3
922,2,41,8.66,2
923,1,46,39.16,3
923,2,45,31.68,4
923,3,35,7.18,4
924,1,40,34.06,2
924,2,26,48.75,3
925,1,6,38.28,1
925,2,13,12.64,2
926,1,36,49.12,4
926,2,4,44.17,1
927,1,4,44.17,2
927,2,21,38.34,4
927,3,24,48.39,5
928,1,3,16.67,2
928,2,12,10.48,4
928,3,35,7.18,4
929,1,28,10.24,4
929,2,46,39.16,4
930,1,46,39.16,2
930,2,6,38.28,1
931,1,8,19.58,1
932,1,12,10.48,3
932,2,10,29.49,2
932,3,21,38.34,1
933,1,4,44.17,2
933,2,9,21.16,3
934,1,10,29.49,1
935,1,2,29.55,2
936,1,11,30.69,2
936,2,33,37,5
937,1,29,24.71,4
937,2,16,13.09,4
937,3,44,39.32,5
938,1,30,37.34,3
939,1,41,8.66,5
939,2,5,43.71,1
940,1,12,10.48,4
940,2,10,29.49,3
941,1,20,28.21,1
941,2,33,37,3
942,1,46,27.64,2
942,2,33,37,3
943,1,6,38.28,2
944,1,25,9.8,3
945,1,46,27.64,1
945,2,24,48.39,2
945,3,28,10.24,5
946,1,25,9.8,2
946,2,11,30.69,2
947,1,32,5.65,3
947,2,13,12.64,1
948,1,28,10.24,1
948,2,19,14.34,2
949,1,11,30.69,4
950,1,22,39.78,3
950,2,23,10.33,4
951,1,30,37.34,5
951,2,46,27.64,3
951,3,13,12.64,2
952,1,29,24.71,2
952,2,37,29.51,1
953,1,44,39.32,1
953,2,28,10.24,4
954,1,31,28.59,1
954,2,14,26.14,2
954,3,42,10.11,4
955,1,35,7.18,3
955,2,17,39.89,5
956,1,22,39.78,2
956,2,13,12.64,5
957,1,8,19.58,4
958,1,19,14.34,4
958,2,15,13.97,4
958,3,7,19.16,3
959,1,41,8.66,4
959,2,35,7.18,2
959,3,30,37.34,3
960,1,26,48.75,2
960,2,43,16.64,3
960,3,24,48.39,1
961,1,23,10.33,4
961,2,40,34.06,2
962,1,44,39.32,3
963,1,12,10.48,1
963,2,42,10.11,5
964,1,8,19.58,5
965,1,46,39.16,1
965,2,17,39.89,1
965,3,15,13.97,3
966,1,46,27.64,5
966,2,15,13.97,5
967,1,45,31.68,3
968,1,30,37.34,2
968,2,13,12.64,3
968,3,35,7.18,3
969,1,16,13.09,3
969,2,15,13.97,3
970,1,2,29.55,4
970,2,35,7.18,1
971,1,35,7.18,2
971,2,21,38.34,4
972,1,27,39.91,3
972,2,23,10.33,4
973,1,39,11,2
974,1,2,29.55,4
974,2,21,38.34,2
974,3,40,34.06,1
975,1,9,21.16,3
975,2,46,39.16,3
976,1,14,26.14,2
976,2,40,34.06,4
977,1,11,30.69,5
977,2,24,48.39,5
977,3,25,9.8,2
978,1,44,39.32,2
978,2,3,16.67,2
979,1,11,30.69,2
980,1,28,10.24,2
981,1,16,13.09,2
981,2,10,29.49,1
982,1,31,28.59,5
983,1,10,29.49,4
983,2,46,27.64,1
983,3,7,19.16,3
984,1,28,10.24,3
984,2,27,39.91,2
984,3,8,19.58,2
985,1,22,39.78,4
985,2,36,49.12,1
986,1,12,10.48,3
986,2,14,26.14,5
987,1,29,24.71,1
987,2,45,31.68,4
988,1,12,10.48,2
988,2,44,39.32,4
988,3,8,19.58,4
989,1,31,28.59,4
989,2,43,16.64,2
989,3,17,39.89,4
990,1,44,39.32,4
991,1,22,39.78,3
991,2,17,39.89,4
992,1,19,14.34,2
992,2,15,13.97,3
993,1,35,7.18,4
993,2,14,26.14,4
993,3,19,14.34,4
994,1,29,24.71,2
994,2,14,26.14,4
995,1,7,19.16,1
995,2,30,37.34,1
996,1,6,38.28,2
997,1,46,27.64,2
997,2,3,16.67,3
998,1,3,16.67,3
998,2,39,11,5
999,1,40,34.06,3
999,2,27,39.91,3
999,3,29,24.71,4
1000,1,29,24.71,3
1000,2,8,19.58,2
1001,1,42,10.11,5
1001,2,15,13.97,3
1002,1,4,44.17,4
1002,2,37,29.51,3
1003,1,44,39.32,1
1004,1,30,37.34,1
1005,1,12,10.48,1
1005,2,10,29.49,4
1006,1,32,5.65,3
1006,2,4,44.17,5
1006,3,10,29.49,2
1007,1,16,13.09,4
1007,2,15,13.97,3
1008,1,9,21.16,2
1008,2,35,7.18,2
1009,1,7,19.16,2
1009,2,23,10.33,3
1010,1,24,48.39,5
1010,2,22,39.78,4
1011,1,11,30.69,2
1011,2,21,38.34,2
1012,1,26,48.75,5
1013,1,10,29.49,2
1013,2,45,31.68,1
1014,1,31,28.59,5
1014,2,10,29.49,5
1015,1,7,19.16,2
1015,2,46,27.64,1
1016,1,16,13.09,3
1016,2,33,37,1
1017,1,28,10.24,5
1017,2,26,48.75,4
1018,1,12,10.48,4
1018,2,6,38.28,3
1019,1,46,39.16,2
1020,1,40,34.06,4
1021,1,42,10.11,4
1021,2,36,49.12,4
1021,3,6,38.28,2
1022,1,4,44.17,2
1023,1,4,44.17,2
1023,2,43,16.64,2
1024,1,45,31.68,2
1025,1,27,39.91,1
1025,2,43,16.64,2
1025,3,9,21.16,5
1026,1,28,10.24,2
1026,2,23,10.33,4
1027,1,12,10.48,4
1027,2,18,24.46,2
1027,3,20,28.21,2
1028,1,12,10.48,2
1029,1,28,10.24,4
1029,2,14,26.14,5
1030,1,4,44.17,3
1030,2,28,10.24,2
1031,1,32,5.65,4
1031,2,46,39.16,5
1032,1,6,38.28,3
1032,2,45,31.68,4
1033,1,41,8.66,3
1034,1,41,8.66,4
1034,2,23,10.33,2
1035,1,38,22.98,2
1035,2,23,10.33,3
1036,1,13,12.64,3
1036,2,10,29.49,3
1036,3,28,10.24,2
1037,1,7,19.16,2
1037,2,30,37.34,4
1038,1,25,9.8,2
1038,2,34,23.32,3
1039,1,26,48.75,5
1040,1,10,29.49,3
1040,2,11,30.69,3
1041,1,4,44.17,2
1042,1,21,38.34,4
1043,1,28,10.24,3
1043,2,27,39.91,2
1044,1,26,48.75,4
1044,2,13,12.64,3
1045,1,37,29.51,4
1045,2,19,14.34,2
1045,3,33,37,4
1046,1,38,22.98,2
1047,1,11,30.69,3
1048,1,9,21.16,3
1048,2,37,29.51,3
1049,1,32,5.65,3
1049,2,16,13.09,4
1049,3,45,31.68,5
1050,1,22,39.78,2
1050,2,45,31.68,2
1051,1,4,44.17,3
1051,2,36,49.12,4
1051,3,10,29.49,2
1052,1,36,49.12,4
1052,2,33,37,3
1052,3,44,39.32,4
1053,1,21,38.34,5
1053,2,40,34.06,1
1054,1,31,28.59,3
1054,2,26,48.75,1
1055,1,19,14.34,2
1055,2,3,16.67,3
1056,1,46,39.16,3
1056,2,8,19.58,4
1057,1,5,43.71,4
1057,2,37,29.51,3
1058,1,16,13.09,5
1058,2,34,23.32,1
1058,3,2,29.55,1
1059,1,31,28.59,2
1059,2,28,10.24,2
1060,1,38,22.98,3
1060,2,35,7.18,2
1060,3,6,38.28,1
1061,1,33,37,5
1061,2,6,38.28,1
1062,1,40,34.06,4
1062,2,5,43.71,4
1063,1,31,28.59,4
1063,2,46,27.64,4
1063,3,23,10.33,4
1064,1,46,27.64,4
1064,2,16,13.09,5
1064,3,21,38.34,1
1065,1,16,13.09,4
1065,2,6,38.28,4
1066,1,6,38.28,1
1066,2,37,29.51,5
1067,1,8,19.58,2
1067,2,14,26.14,4
1067,3,21,38.34,4
1068,1,3,16.67,5
1068,2,12,10.48,2
1069,1,29,24.71,2
1069,2,7,19.16,5
1070,1,10,29.49,2
1070,2,16,13.09,4
1071,1,35,7.18,3
1071,2,13,12.64,4
1072,1,2,29.55,2
1072,2,36,49.12,5
1073,1,44,39.32,4
1074,1,7,19.16,2
1074,2,21,38.34,2
1075,1,28,10.24,5
1075,2,38,22.98,1
1076,1,45,31.68,2
1076,2,17,39.89,3
1077,1,15,13.97,3
1077,2,38,22.98,4
1078,1,46,27.64,2
1079,1,46,39.16,2
1079,2,13,12.64,2
1080,1,23,10.33,3
1080,2,43,16.64,3
1081,1,41,8.66,2
1082,1,22,39.78,3
1082,2,20,28.21,2
1083,1,29,24.71,2
1083,2,27,39.91,1
1084,1,41,8.66,3
1085,1,19,14.34,4
1085,2,32,5.65,4
1086,1,24,48.39,4
1086,2,28,10.24,3
1087,1,6,38.28,5
1088,1,39,11,1
1088,2,2,29.55,2
1089,1,7,19.16,4
1089,2,27,39.91,4
1090,1,43,16.64,3
1091,1,13,12.64,2
1091,2,34,23.32,3
1092,1,46,39.16,4
1092,2,4,44.17,1
1092,3,30,37.34,5
1093,1,31,28.59,2
1093,2,10,29.49,1
1094,1,21,38.34,4
1094,2,29,24.71,2
1095,1,33,37,2
1095,2,21,38.34,2
1096,1,2,29.55,4
1096,2,38,22.98,4
1097,1,19,14.34,1
1097,2,25,9.8,2
1098,1,4,44.17,4
1099,1,40,34.06,2
1099,2,31,28.59,5
1100,1,12,10.48,2
1100,2,37,29.51,5
1101,1,17,39.89,3
1102,1,10,29.49,3
1102,2,39,11,2
1102,3,14,26.14,2
1103,1,7,19.16,2
1103,2,27,39.91,2
1104,1,34,23.32,3
1104,2,17,39.89,3
1104,3,35,7.18,3
1105,1,28,10.24,1
1106,1,30,37.34,3
1106,2,5,43.71,3
1107,1,4,44.17,2
1107,2,10,29.49,5
1107,3,31,28.59,4
1108,1,35,7.18,5
1108,2,27,39.91,2
1109,1,6,38.28,3
1109,2,29,24.71,3
1110,1,15,13.97,2
1111,1,41,8.66,4
1111,2,13,12.64,1
1112,1,39,11,3
1113,1,9,21.16,4
1113,2,25,9.8,4
1113,3,7,19.16,3
1114,1,35,7.18,1
1114,2,4,44.17,4
1114,3,43,16.64,5
1115,1,29,24.71,4
1115,2,37,29.51,5
1116,1,33,37,2
1117,1,16,13.09,3
1117,2,24,48.39,4
1118,1,35,7.18,1
1118,2,4,44.17,2
1119,1,25,9.8,3
1119,2,9,21.16,4
1119,3,45,31.68,2
1120,1,16,13.09,5
1120,2,45,31.68,2
1120,3,19,14.34,2
1121,1,27,39.91,4
1122,1,8,19.58,4
1122,2,2,29.55,4
1123,1,12,10.48,4
1123,2,30,37.34,5
1124,1,2,29.55,3
1125,1,7,19.16,3
1125,2,31,28.59,2
1125,3,30,37.34,3
1126,1,35,7.18,3
1126,2,3,16.67,3
1127,1,34,23.32,5
1127,2,33,37,5
1127,3,14,26.14,2
1128,1,46,39.16,3
1128,2,15,13.97,5
1129,1,7,19.16,3
1129,2,31,28.59,1
1129,3,18,24.46,1
1130,1,13,12.64,1
1131,1,18,24.46,2
1131,2,24,48.39,3
1131,3,42,10.11,2
1132,1,18,24.46,3
1132,2,30,37.34,1
1133,1,46,39.16,5
1134,1,24,48.39,3
1134,2,36,49.12,4
1135,1,35,7.18,4
1136,1,18,24.46,2
1136,2,40,34.06,4
1136,3,38,22.98,1
1137,1,12,10.48,5
1137,2,37,29.51,4
1137,3,46,27.64,5
1138,1,43,16.64,3
1138,2,29,24.71,5
1139,1,24,48.39,2
1140,1,46,27.64,1
1140,2,32,5.65,2
1141,1,11,30.69,1
1141,2,42,10.11,1
1142,1,25,9.8,5
1142,2,22,39.78,3
1143,1,40,34.06,3
1143,2,37,29.51,4
1143,3,6,38.28,3
1144,1,34,23.32,1
1144,2,3,16.67,5
1145,1,12,10.48,1
1146,1,42,10.11,3
1146,2,39,11,2
1146,3,6,38.28,2
1147,1,3,16.67,1
1147,2,10,29.49,2
1148,1,37,29.51,1
1148,2,46,39.16,4
1148,3,32,5.65,3
1149,1,37,29.51,4
1149,2,2,29.55,2
1150,1,23,10.33,4
1151,1,38,22.98,5
1151,2,2,29.55,4
1152,1,4,44.17,5
1152,2,39,11,1
1153,1,18,24.46,3
1153,2,19,14.34,5
1154,1,28,10.24,3
1154,2,18,24.46,4
1155,1,24,48.39,1
1155,2,36,49.12,5
1156,1,23,10.33,3
1156,2,5,43.71,4
1156,3,44,39.32,5
1157,1,33,37,4
1157,2,34,23.32,2
1158,1,38,22.98,4
1158,2,32,5.65,3
1159,1,31,28.59,2
1159,2,2,29.55,5
1159,3,28,10.24,5
1160,1,33,37,3
1160,2,7,19.16,1
1161,1,32,5.65,2
1162,1,45,31.68,3
1163,1,17,39.89,4
1163,2,10,29.49,2
1164,1,35,7.18,5
1164,2,40,34.06,3
1165,1,6,38.28,5
1165,2,36,49.12,5
1166,1,38,22.98,3
1166,2,19,14.34,2
1167,1,20,28.21,1
1167,2,15,13.97,2
1167,3,13,12.64,4
1168,1,4,44.17,4
1168,2,5,43.71,4
1169,1,9,21.16,2
1169,2,22,39.78,5
1170,1,41,8.66,4
1170,2,30,37.34,2
1171,1,40,34.06,4
1171,2,18,24.46,3
1172,1,8,19.58,3
1172,2,5,43.71,3
1173,1,45,31.68,1
1173,2,30,37.34,4
1173,3,22,39.78,3
1174,1,34,23.32,2
1174,2,11,30.69,1
1175,1,45,31.68,3
1175,2,33,37,1
1175,3,46,39.16,1
1176,1,35,7.18,2
1176,2,28,10.24,1
1176,3,25,9.8,4
1177,1,24,48.39,4
1177,2,13,12.64,4
1178,1,31,28.59,4
1179,1,37,29.51,1
1179,2,42,10.11,3
1179,3,4,44.17,5
1180,1,20,28.21,2
1180,2,23,10.33,4
1181,1,36,49.12,4
1182,1,37,29.51,2
1183,1,5,43.71,3
1183,2,37,29.51,3
1183,3,11,30.69,4
1184,1,39,11,5
1185,1,22,39.78,3
1186,1,24,48.39,4
1186,2,35,7.18,5
1187,1,33,37,1
1187,2,41,8.66,2
1188,1,28,10.24,3
1188,2,29,24.71,1
1188,3,22,39.78,1
1189,1,29,24.71,4
1189,2,12,10.48,4
1189,3,46,27.64,1
1190,1,37,29.51,3
1191,1,33,37,2
1191,2,40,34.06,3
1191,3,14,26.14,3
1192,1,10,29.49,2
1192,2,16,13.09,4
1192,3,5,43.71,4
1193,1,37,29.51,4
1193,2,15,13.97,1
1194,1,32,5.65,3
1195,1,13,12.64,1
1196,1,32,5.65,2
1196,2,18,24.46,2
1196,3,40,34.06,2
1197,1,34,23.32,4
1197,2,2,29.55,3
1198,1,14,26.14,4
1198,2,17,39.89,3
1199,1,45,31.68,4
1199,2,41,8.66,4
1200,1,19,14.34,5
1200,2,27,39.91,3
1200,3,7,19.16,4
1201,1,39,11,1
1201,2,28,10.24,1
1201,3,26,48.75,1
1202,1,22,39.78,3
1202,2,27,39.91,4
1203,1,10,29.49,3
1204,1,31,28.59,3
1204,2,38,22.98,1
1204,3,18,24.46,3
1205,1,5,43.71,3
1205,2,19,14.34,3
1206,1,43,16.64,4
1206,2,16,13.09,1
1207,1,20,28.21,4
1207,2,27,39.91,4
1207,3,40,34.06,4
1208,1,43,16.64,4
1209,1,13,12.64,5
1209,2,33,37,5
1210,1,42,10.11,3
1210,2,17,39.89,4
1210,3,21,38.34,2
1211,1,16,13.09,4
1212,1,46,27.64,4
1212,2,19,14.34,4
1213,1,8,19.58,4
1213,2,11,30.69,2
1214,1,9,21.16,3
1214,2,10,29.49,1
1214,3,4,44.17,4
1215,1,46,39.16,3
1215,2,26,48.75,1
1215,3,19,14.34,5
1216,1,23,10.33,4
1216,2,7,19.16,5
1217,1,44,39.32,2
1217,2,10,29.49,1
1218,1,45,31.68,3
1218,2,18,24.46,4
1219,1,37,29.51,3
1220,1,35,7.18,3
1220,2,42,10.11,1
1220,3,41,8.66,5
1221,1,18,24.46,4
1221,2,43,16.64,5
1222,1,34,23.32,2
1222,2,32,5.65,2
1223,1,40,34.06,1
1223,2,37,29.51,1
1224,1,22,39.78,3
1224,2,16,13.09,2
1225,1,44,39.32,5
1226,1,2,29.55,2
1227,1,10,29.49,3
1227,2,25,9.8,5
1228,1,28,10.24,4
1229,1,20,28.21,1
1229,2,25,9.8,2
1230,1,41,8.66,4
1230,2,40,34.06,4
1231,1,15,13.97,2
1231,2,46,39.16,5
1231,3,8,19.58,5
1232,1,38,22.98,4
1232,2,19,14.34,3
1233,1,42,10.11,3
1233,2,27,39.91,5
1233,3,33,37,3
1234,1,41,8.66,2
1234,2,30,37.34,2
1235,1,21,38.34,2
1235,2,43,16.64,1
1236,1,9,21.16,4
1236,2,16,13.09,3
1236,3,25,9.8,3
1237,1,2,29.55,3
1237,2,20,28.21,1
1238,1,7,19.16,1
1238,2,4,44.17,5
1239,1,24,48.39,3
1239,2,14,26.14,3
1240,1,36,49.12,1
1240,2,45,31.68,4
1240,3,23,10.33,4
1241,1,14,26.14,1
1241,2,8,19.58,3
1241,3,43,16.64,4
1242,1,23,10.33,3
1242,2,11,30.69,4
1242,3,45,31.68,5
1243,1,17,39.89,3
1243,2,38,22.98,4
1244,1,13,12.64,2
1244,2,15,13.97,1
1245,1,38,22.98,3
1245,2,41,8.66,4
1245,3,27,39.91,4
1246,1,15,13.97,5
1247,1,33,37,3
1247,2,5,43.71,2
1247,3,46,27.64,3
1248,1,24,48.39,2
1248,2,21,38.34,3
1249,1,4,44.17,4
1249,2,46,39.16,1
1250,1,30,37.34,3
1251,1,14,26.14,4
1251,2,8,19.58,4
1252,1,19,14.34,4
1252,2,21,38.34,4
1252,3,17,39.89,4
1253,1,27,39.91,3
1254,1,32,5.65,3
1254,2,24,48.39,3
1254,3,2,29.55,1
1255,1,36,49.12,2
1255,2,20,28.21,2
1256,1,40,34.06,2
1256,2,12,10.48,4
1256,3,37,29.51,2
1257,1,18,24.46,3
1258,1,15,13.97,1
1258,2,25,9.8,3
1259,1,3,16.67,4
1259,2,8,19.58,4
1260,1,30,37.34,3
1260,2,5,43.71,4
1261,1,30,37.34,4
1261,2,31,28.59,2
1262,1,35,7.18,4
1263,1,22,39.78,2
1263,2,39,11,2
1264,1,40,34.06,4
1264,2,33,37,1
1265,1,24,48.39,5
1265,2,35,7.18,2
1266,1,22,39.78,2
1266,2,33,37,3
1267,1,3,16.67,3
1267,2,32,5.65,4
1268,1,18,24.46,4
1268,2,34,23.32,3
1268,3,31,28.59,2
1269,1,35,7.18,3
1270,1,4,44.17,4
1270,2,42,10.11,4
1271,1,22,39.78,2
1271,2,38,22.98,4
1272,1,32,5.65,2
1272,2,35,7.18,4
1272,3,38,22.98,3
1273,1,28,10.24,5
1273,2,24,48.39,4
1274,1,23,10.33,3
1274,2,3,16.67,2
1275,1,7,19.16,4
1276,1,8,19.58,2
1276,2,16,13.09,1
1277,1,37,29.51,3
1277,2,6,38.28,4
1278,1,27,39.91,5
1278,2,8,19.58,4
1279,1,35,7.18,2
1279,2,44,39.32,3
1279,3,8,19.58,4
1280,1,19,14.34,3
1280,2,2,29.55,5
1280,3,30,37.34,2
1281,1,24,48.39,3
1282,1,26,48.75,1
1282,2,40,34.06,5
1283,1,32,5.65,4
1283,2,12,10.48,3
1284,1,29,24.71,2
1284,2,8,19.58,2
1285,1,15,13.97,5
1285,2,25,9.8,4
1285,3,39,11,5
1286,1,46,39.16,1
1286,2,26,48.75,5
1287,1,27,39.91,1
1287,2,25,9.8,5
1288,1,20,28.21,2
1288,2,16,13.09,2
1289,1,30,37.34,2
1290,1,23,10.33,4
1291,1,36,49.12,1
1291,2,22,39.78,3
1291,3,11,30.69,3
1292,1,8,19.58,1
1292,2,44,39.32,3
1292,3,12,10.48,3
1293,1,2,29.55,3
1293,2,19,14.34,5
1293,3,33,37,3
1294,1,35,7.18,2
1294,2,44,39.32,3
1295,1,7,19.16,2
1295,2,23,10.33,4
1296,1,14,26.14,4
1296,2,40,34.06,3
1297,1,40,34.06,4
1297,2,18,24.46,3
1298,1,5,43.71,3
1298,2,16,13.09,2
1299,1,40,34.06,4
1299,2,42,10.11,3
1299,3,7,19.16,1
1300,1,15,13.97,4
1300,2,37,29.51,5
1300,3,44,39.32,5
1301,1,35,7.18,4
1301,2,25,9.8,2
1302,1,26,48.75,3
1302,2,31,28.59,5
1303,1,46,39.16,4
1303,2,39,11,4
1304,1,23,10.33,1
1305,1,13,12.64,5
1306,1,29,24.71,3
1307,1,33,37,2
1307,2,7,19.16,4
1308,1,12,10.48,5
1309,1,27,39.91,3
1310,1,43,16.64,2
1653,1,46,27.64,2
1653,2,42,10.11,1
1653,3,21,38.34,2
1654,1,14,26.14,1
1654,2,24,48.39,5
1655,1,2,29.55,3
1655,2,19,14.34,2
1656,1,5,43.71,3
1656,2,46,39.16,5
1657,1,23,10.33,3
1658,1,46,39.16,3
1659,1,14,26.14,3
1660,1,4,44.17,2
1660,2,13,12.64,4
1661,1,36,49.12,4
1661,2,13,12.64,3
1662,1,44,39.32,2
1662,2,26,48.75,3
1663,1,31,28.59,2
1663,2,23,10.33,2
1664,1,32,5.65,2
1664,2,4,44.17,1
1665,1,37,29.51,2
1665,2,4,44.17,3
1666,1,31,28.59,1
1667,1,32,5.65,3
1667,2,22,39.78,2
1668,1,38,22.98,4
1668,2,32,5.65,2
1669,1,15,13.97,3
1669,2,3,16.67,2
1670,1,30,37.34,3
1670,2,34,23.32,4
1671,1,40,34.06,4
1671,2,17,39.89,2
1671,3,25,9.8,1
1672,1,5,43.71,3
1672,2,26,48.75,2
1673,1,26,48.75,5
1673,2,9,21.16,4
1674,1,24,48.39,2
1674,2,18,24.46,3
1675,1,17,39.89,3
1675,2,13,12.64,4
1676,1,22,39.78,2
1676,2,39,11,1
1677,1,4,44.17,2
1677,2,10,29.49,4
1678,1,46,27.64,3
1678,2,6,38.28,4
1679,1,6,38.28,3
1679,2,37,29.51,4
1679,3,4,44.17,3
1680,1,28,10.24,4
1680,2,13,12.64,4
1681,1,15,13.97,2
1681,2,23,10.33,2
1682,1,27,39.91,3
1683,1,19,14.34,5
1683,2,24,48.39,5
1684,1,29,24.71,4
1684,2,7,19.16,2
1685,1,46,39.16,4
1685,2,20,28.21,2
1686,1,19,14.34,2
1686,2,31,28.59,3
1686,3,5,43.71,2
1687,1,45,31.68,2
1687,2,3,16.67,5
1687,3,43,16.64,5
1688,1,45,31.68,5
1689,1,6,38.28,3
1689,2,34,23.32,3
1690,1,22,39.78,1
1690,2,25,9.8,4
1690,3,15,13.97,2
1691,1,24,48.39,2
1691,2,37,29.51,3
1691,3,4,44.17,3
1692,1,6,38.28,5
1692,2,43,16.64,3
1692,3,44,39.32,4
1693,1,34,23.32,3
1693,2,22,39.78,1
1694,1,43,16.64,5
1694,2,12,10.48,3
1695,1,29,24.71,3
1695,2,25,9.8,3
1695,3,18,24.46,5
1696,1,35,7.18,5
1696,2,19,14.34,3
1697,1,12,10.48,2
1697,2,31,28.59,2
1698,1,42,10.11,2
1698,2,8,19.58,2
1699,1,35,7.18,2
1699,2,37,29.51,2
1699,3,39,11,3
1700,1,39,11,5
1700,2,28,10.24,4
1701,1,17,39.89,4
1701,2,46,39.16,2
1701,3,34,23.32,1
1702,1,2,29.55,2
1703,1,10,29.49,3
1703,2,18,24.46,5
1704,1,27,39.91,5
1705,1,39,11,4
1705,2,18,24.46,4
1706,1,23,10.33,3
1706,2,45,31.68,2
1707,1,19,14.34,5
1707,2,40,34.06,4
1708,1,43,16.64,3
1708,2,28,10.24,3
1709,1,27,39.91,4
1709,2,18,24.46,3
1710,1,25,9.8,4
1710,2,7,19.16,4
1710,3,14,26.14,2
1711,1,15,13.97,5
1711,2,16,13.09,3
1712,1,23,10.33,4
1713,1,42,10.11,5
1713,2,8,19.58,3
1714,1,9,21.16,4
1715,1,26,48.75,3
1715,2,22,39.78,4
1715,3,23,10.33,3
1716,1,8,19.58,4
1716,2,46,39.16,4
1717,1,35,7.18,2
1717,2,18,24.46,3
1718,1,3,16.67,3
1718,2,7,19.16,1
1719,1,14,26.14,2
1719,2,23,10.33,3
1720,1,42,10.11,3
1720,2,16,13.09,3
1721,1,21,38.34,3
1721,2,39,11,5
1721,3,34,23.32,1
1722,1,21,38.34,4
1722,2,7,19.16,4
1723,1,26,48.75,2
1723,2,24,48.39,1
1724,1,16,13.09,4
1725,1,37,29.51,4
1725,2,19,14.34,2
1726,1,9,21.16,2
1726,2,6,38.28,4
1726,3,11,30.69,3
1727,1,40,34.06,4
1727,2,43,16.64,4
1728,1,16,13.09,2
1728,2,17,39.89,5
1728,3,9,21.16,3
1729,1,15,13.97,4
1730,1,20,28.21,3
1730,2,11,30.69,3
1731,1,39,11,2
1731,2,21,38.34,3
1732,1,44,39.32,2
1732,2,39,11,2
1733,1,45,31.68,4
1734,1,31,28.59,3
1734,2,14,26.14,1
1735,1,42,10.11,5
1735,2,39,11,4
1735,3,22,39.78,1
1736,1,46,39.16,4
1737,1,37,29.51,3
1738,1,17,39.89,4
1738,2,19,14.34,2
1739,1,41,8.66,5
1740,1,9,21.16,2
1740,2,30,37.34,5
1740,3,45,31.68,2
1741,1,35,7.18,4
1741,2,11,30.69,3
1741,3,42,10.11,2
1742,1,36,49.12,5
1743,1,15,13.97,4
1743,2,39,11,3
1743,3,9,21.16,2
1744,1,37,29.51,3
1744,2,18,24.46,2
1745,1,34,23.32,1
1745,2,27,39.91,2
1746,1,25,9.8,4
1746,2,31,28.59,2
1747,1,45,31.68,4
1747,2,21,38.34,4
1748,1,10,29.49,2
1748,2,14,26.14,4
1749,1,5,43.71,3
1749,2,4,44.17,2
1749,3,32,5.65,2
1750,1,24,48.39,3
1750,2,26,48.75,1
1751,1,9,21.16,4
1751,2,35,7.18,4
1752,1,3,16.67,4
1752,2,29,24.71,4
1752,3,25,9.8,2
1753,1,46,39.16,2
1753,2,43,16.64,1
1754,1,29,24.71,3
1755,1,9,21.16,3
1755,2,46,27.64,5
1756,1,46,39.16,1
1756,2,3,16.67,2
1757,1,36,49.12,5
1757,2,31,28.59,4
1758,1,9,21.16,3
1758,2,26,48.75,3
1759,1,4,44.17,3
1760,1,14,26.14,2
1760,2,13,12.64,1
1760,3,3,16.67,2
1761,1,7,19.16,3
1761,2,34,23.32,3
1762,1,14,26.14,1
1762,2,11,30.69,5
1762,3,4,44.17,4
1763,1,44,39.32,3
1764,1,25,9.8,2
1764,2,38,22.98,5
1765,1,45,31.68,2
1765,2,18,24.46,2
1765,3,14,26.14,2
1766,1,11,30.69,2
1766,2,19,14.34,2
1767,1,16,13.09,3
1767,2,32,5.65,4
1768,1,12,10.48,2
1768,2,21,38.34,4
1769,1,35,7.18,4
1769,2,13,12.64,4
1769,3,12,10.48,4
1770,1,26,48.75,2
1770,2,6,38.28,5
1771,1,44,39.32,4
1771,2,42,10.11,1
1772,1,43,16.64,2
1772,2,33,37,3
1773,1,35,7.18,4
1774,1,22,39.78,3
1774,2,39,11,4
1774,3,2,29.55,3
1775,1,37,29.51,2
1775,2,4,44.17,4
1776,1,34,23.32,1
1776,2,25,9.8,2
1776,3,20,28.21,2
1777,1,30,37.34,2
1777,2,44,39.32,2
1777,3,26,48.75,3
1778,1,21,38.34,5
1778,2,12,10.48,1
1778,3,10,29.49,3
1779,1,8,19.58,2
1779,2,46,39.16,4
1780,1,25,9.8,1
1781,1,46,27.64,4
1781,2,35,7.18,1
1781,3,9,21.16,5
1782,1,41,8.66,2
1782,2,38,22.98,4
1783,1,17,39.89,2
1784,1,36,49.12,2
1784,2,32,5.65,5
1784,3,16,13.09,2
1785,1,41,8.66,4
1785,2,11,30.69,3
1786,1,13,12.64,1
1786,2,23,10.33,4
1787,1,21,38.34,1
1787,2,45,31.68,3
1788,1,46,27.64,3
1789,1,25,9.8,1
1789,2,26,48.75,1
1790,1,35,7.18,2
1790,2,25,9.8,2
1790,3,29,24.71,5
1791,1,37,29.51,3
1791,2,39,11,2
1791,3,16,13.09,5
1792,1,31,28.59,4
1792,2,46,27.64,1
1793,1,12,10.48,2
1793,2,30,37.34,3
1794,1,2,29.55,2
1794,2,13,12.64,3
1795,1,30,37.34,4
1795,2,34,23.32,1
1795,3,22,39.78,4
1796,1,2,29.55,5
1796,2,24,48.39,3
1797,1,34,23.32,2
1797,2,6,38.28,4
1797,3,37,29.51,2
1798,1,43,16.64,3
1798,2,37,29.51,3
1799,1,46,27.64,5
1799,2,41,8.66,4
1800,1,36,49.12,5
1801,1,9,21.16,3
1802,1,13,12.64,4
1802,2,32,5.65,4
1802,3,11,30.69,2
1803,1,11,30.69,2
1803,2,10,29.49,3
1804,1,24,48.39,4
1804,2,5,43.71,3
1804,3,12,10.48,4
1805,1,20,28.21,4
1805,2,32,5.65,2
1806,1,39,11,3
1806,2,36,49.12,3
1807,1,24,48.39,3
1807,2,6,38.28,2
1808,1,14,26.14,2
1809,1,40,34.06,2
1809,2,44,39.32,2
1810,1,45,31.68,2
1810,2,26,48.75,5
1810,3,42,10.11,2
1811,1,28,10.24,5
1811,2,41,8.66,4
1812,1,41,8.66,3
1812,2,12,10.48,2
1813,1,33,37,2
1814,1,34,23.32,2
1815,1,19,14.34,5
1815,2,39,11,3
1815,3,41,8.66,2
1816,1,2,29.55,3
1816,2,16,13.09,1
1817,1,34,23.32,3
1817,2,42,10.11,4
1817,3,22,39.78,1
1818,1,38,22.98,4
1818,2,34,23.32,5
1818,3,3,16.67,2
1819,1,41,8.66,3
1819,2,40,34.06,3
1819,3,42,10.11,2
1820,1,16,13.09,5
1820,2,3,16.67,1
1821,1,30,37.34,4
1821,2,6,38.28,3
1822,1,33,37,2
1822,2,8,19.58,2
1823,1,13,12.64,5
1823,2,4,44.17,3
1823,3,46,39.16,2
1824,1,39,11,2
1824,2,12,10.48,3
1824,3,5,43.71,3
1825,1,27,39.91,4
1826,1,38,22.98,5
1826,2,26,48.75,1
1827,1,7,19.16,5
1827,2,19,14.34,3
1828,1,44,39.32,2
1828,2,15,13.97,4
1829,1,19,14.34,3
1829,2,29,24.71,2
1830,1,28,10.24,3
1830,2,36,49.12,2
1831,1,36,49.12,3
1832,1,4,44.17,4
1832,2,25,9.8,3
1833,1,26,48.75,4
1833,2,21,38.34,1
1834,1,32,5.65,4
1834,2,3,16.67,4
1834,3,41,8.66,2
1835,1,33,37,2
1835,2,22,39.78,3
1836,1,15,13.97,2
1836,2,14,26.14,4
1837,1,42,10.11,3
1838,1,27,39.91,5
1838,2,12,10.48,4
1839,1,30,37.34,3
1839,2,35,7.18,3
1840,1,41,8.66,5
1840,2,18,24.46,2
1841,1,26,48.75,2
1842,1,2,29.55,2
1843,1,10,29.49,2
1843,2,40,34.06,4
1844,1,39,11,4
1844,2,19,14.34,1
1844,3,24,48.39,2
1845,1,23,10.33,2
1845,2,19,14.34,2
1845,3,26,48.75,3
1846,1,15,13.97,2
1846,2,16,13.09,4
1847,1,44,39.32,3
1848,1,46,27.64,4
1848,2,7,19.16,4
1849,1,44,39.32,4
1850,1,8,19.58,2
1850,2,44,39.32,4
1851,1,28,10.24,4
1851,2,25,9.8,3
1852,1,36,49.12,3
1852,2,29,24.71,1
1853,1,28,10.24,2
1853,2,23,10.33,3
1854,1,34,23.32,2
1854,2,41,8.66,4
1855,1,3,16.67,4
1855,2,22,39.78,2
1855,3,41,8.66,4
1856,1,5,43.71,3
1857,1,6,38.28,2
1857,2,23,10.33,4
1858,1,22,39.78,4
1858,2,25,9.8,4
1859,1,35,7.18,4
1859,2,44,39.32,2
1860,1,8,19.58,3
1861,1,36,49.12,5
1861,2,8,19.58,2
1861,3,14,26.14,3
1862,1,3,16.67,3
1863,1,36,49.12,3
1863,2,39,11,5
1864,1,22,39.78,1
1864,2,20,28.21,1
1865,1,26,48.75,3
1866,1,20,28.21,2
1866,2,6,38.28,3
1866,3,28,10.24,1
1867,1,30,37.34,4
1867,2,7,19.16,3
1868,1,29,24.71,4
1868,2,41,8.66,5
1869,1,12,10.48,2
1870,1,26,48.75,4
1870,2,9,21.16,3
1871,1,46,27.64,2
1871,2,19,14.34,1
1871,3,15,13.97,3
1872,1,27,39.91,2
1872,2,24,48.39,1
1873,1,17,39.89,2
1873,2,11,30.69,1
1873,3,26,48.75,4
1874,1,38,22.98,4
1874,2,27,39.91,5
1875,1,10,29.49,2
1876,1,37,29.51,1
1877,1,11,30.69,4
1877,2,29,24.71,2
1878,1,12,10.48,2
1878,2,39,11,5
1879,1,10,29.49,3
1880,1,46,27.64,5
1880,2,3,16.67,4
1881,1,30,37.34,3
1881,2,40,34.06,1
1882,1,43,16.64,4
1882,2,18,24.46,2
1882,3,24,48.39,1
1883,1,34,23.32,4
1883,2,21,38.34,4
1883,3,40,34.06,2
1884,1,27,39.91,2
1884,2,45,31.68,4
1885,1,13,12.64,3
1886,1,13,12.64,3
1887,1,6,38.28,3
1887,2,4,44.17,5
1888,1,23,10.33,4
1888,2,33,37,3
1889,1,33,37,4
1890,1,2,29.55,3
1890,2,46,39.16,3
1891,1,27,39.91,1
1891,2,25,9.8,4
1891,3,43,16.64,2
1892,1,17,39.89,5
1893,1,27,39.91,3
1893,2,7,19.16,1
1894,1,28,10.24,2
1895,1,20,28.21,2
1895,2,17,39.89,2
1895,3,32,5.65,5
1896,1,43,16.64,1
1896,2,22,39.78,2
1897,1,14,26.14,3
1897,2,39,11,3
1898,1,8,19.58,3
1898,2,19,14.34,2
1899,1,43,16.64,5
1900,1,20,28.21,2
1900,2,46,39.16,4
1901,1,12,10.48,3
1902,1,25,9.8,4
1902,2,9,21.16,1
1902,3,17,39.89,2
1903,1,39,11,3
1903,2,19,14.34,2
1904,1,15,13.97,1
1904,2,45,31.68,4
1905,1,6,38.28,4
1905,2,35,7.18,4
1906,1,29,24.71,2
1906,2,37,29.51,5
1907,1,10,29.49,1
1907,2,13,12.64,3
1908,1,32,5.65,4
1908,2,28,10.24,1
1909,1,38,22.98,3
1909,2,14,26.14,2
1910,1,38,22.98,4
1910,2,34,23.32,2
1910,3,4,44.17,2
1911,1,44,39.32,4
1911,2,6,38.28,4
1912,1,17,39.89,2
1912,2,30,37.34,1
1913,1,15,13.97,2
1913,2,28,10.24,1
1914,1,5,43.71,4
1915,1,38,22.98,2
1915,2,21,38.34,5
1915,3,10,29.49,2
1916,1,6,38.28,3
1916,2,45,31.68,2
1917,1,38,22.98,3
1917,2,4,44.17,2
1917,3,44,39.32,5
1918,1,12,10.48,2
1918,2,38,22.98,5
1919,1,15,13.97,5
1919,2,46,27.64,2
1920,1,38,22.98,2
1920,2,39,11,4
1920,3,4,44.17,4
1921,1,13,12.64,2
1921,2,7,19.16,1
1922,1,5,43.71,2
1922,2,40,34.06,3
1923,1,36,49.12,3
1923,2,16,13.09,2
1923,3,14,26.14,1
1924,1,32,5.65,4
1924,2,46,39.16,3
1925,1,44,39.32,3
1926,1,21,38.34,4
1926,2,23,10.33,4
1926,3,29,24.71,3
1927,1,43,16.64,2
1927,2,42,10.11,3
1928,1,11,30.69,5
1928,2,38,22.98,3
1928,3,12,10.48,3
1929,1,27,39.91,1
1930,1,41,8.66,2
1931,1,30,37.34,3
1931,2,4,44.17,4
1932,1,29,24.71,3
1932,2,44,39.32,3
1933,1,32,5.65,5
1933,2,22,39.78,4
1934,1,5,43.71,3
1934,2,38,22.98,2
1934,3,16,13.09,4
1935,1,41,8.66,5
1935,2,18,24.46,5
1936,1,13,12.64,2
1937,1,27,39.91,5
1938,1,18,24.46,5
1938,2,25,9.8,5
1938,3,23,10.33,3
1939,1,20,28.21,3
1939,2,35,7.18,2
1940,1,20,28.21,5
1940,2,2,29.55,2
1940,3,35,7.18,3
1941,1,33,37,4
1942,1,25,9.8,2
1942,2,11,30.69,2
1943,1,46,39.16,4
1943,2,5,43.71,2
1944,1,18,24.46,3
1944,2,20,28.21,2
1945,1,13,12.64,4
1946,1,17,39.89,3
1946,2,18,24.46,2
1947,1,29,24.71,3
1948,1,42,10.11,2
1949,1,33,37,1
1949,2,41,8.66,2
1950,1,31,28.59,4
1950,2,26,48.75,4
1310,2,12,10.48,2
1311,1,2,29.55,4
1311,2,4,44.17,2
1312,1,5,43.71,3
1312,2,19,14.34,1
1312,3,21,38.34,1
1313,1,22,39.78,4
1314,1,15,13.97,3
1314,2,32,5.65,3
1315,1,19,14.34,2
1315,2,17,39.89,2
1316,1,16,13.09,2
1317,1,41,8.66,4
1317,2,26,48.75,5
1318,1,14,26.14,5
1318,2,23,10.33,4
1319,1,44,39.32,4
1319,2,4,44.17,4
1320,1,21,38.34,4
1320,2,17,39.89,2
1321,1,43,16.64,2
1321,2,37,29.51,1
1321,3,46,39.16,3
1322,1,3,16.67,2
1322,2,34,23.32,2
1323,1,19,14.34,2
1323,2,38,22.98,2
1324,1,39,11,2
1324,2,14,26.14,5
1324,3,41,8.66,3
1325,1,8,19.58,2
1325,2,9,21.16,2
1326,1,3,16.67,4
1326,2,18,24.46,2
1326,3,21,38.34,4
1327,1,15,13.97,2
1328,1,24,48.39,2
1328,2,43,16.64,2
1329,1,26,48.75,3
1329,2,37,29.51,2
1329,3,36,49.12,2
1330,1,10,29.49,4
1331,1,15,13.97,1
1331,2,13,12.64,2
1332,1,22,39.78,2
1333,1,2,29.55,1
1333,2,28,10.24,1
1334,1,45,31.68,4
1334,2,17,39.89,3
1335,1,45,31.68,4
1335,2,33,37,3
1335,3,17,39.89,4
1336,1,46,39.16,3
1336,2,26,48.75,3
1337,1,45,31.68,2
1337,2,8,19.58,3
1338,1,13,12.64,2
1338,2,23,10.33,1
1339,1,21,38.34,4
1339,2,45,31.68,2
1340,1,3,16.67,2
1341,1,6,38.28,2
1342,1,43,16.64,2
1342,2,32,5.65,1
1343,1,28,10.24,1
1343,2,39,11,2
1344,1,2,29.55,4
1344,2,7,19.16,2
1345,1,13,12.64,5
1346,1,42,10.11,3
1346,2,46,27.64,3
1347,1,42,10.11,2
1347,2,36,49.12,5
1348,1,31,28.59,2
1348,2,23,10.33,2
1348,3,3,16.67,5
1349,1,22,39.78,5
1350,1,32,5.65,1
1350,2,19,14.34,3
1350,3,3,16.67,4
1351,1,18,24.46,1
1352,1,31,28.59,2
1352,2,16,13.09,5
1353,1,4,44.17,4
1353,2,23,10.33,2
1353,3,10,29.49,4
1354,1,29,24.71,5
1354,2,12,10.48,4
1355,1,26,48.75,5
1355,2,2,29.55,2
1356,1,23,10.33,3
1356,2,27,39.91,3
1356,3,13,12.64,2
1357,1,14,26.14,4
1357,2,39,11,1
1358,1,6,38.28,4
1359,1,41,8.66,3
1359,2,6,38.28,2
1360,1,4,44.17,4
1360,2,23,10.33,2
1361,1,2,29.55,2
1361,2,12,10.48,4
1362,1,6,38.28,2
1362,2,20,28.21,1
1363,1,11,30.69,4
1363,2,14,26.14,2
1364,1,9,21.16,1
1364,2,32,5.65,4
1364,3,2,29.55,3
1365,1,33,37,3
1365,2,36,49.12,3
1366,1,20,28.21,4
1366,2,16,13.09,5
1367,1,14,26.14,5
1367,2,12,10.48,3
1368,1,25,9.8,5
1368,2,22,39.78,4
1369,1,17,39.89,4
1370,1,13,12.64,3
1370,2,44,39.32,2
1371,1,15,13.97,3
1371,2,2,29.55,1
1372,1,14,26.14,3
1372,2,13,12.64,3
1373,1,17,39.89,4
1373,2,29,24.71,4
1374,1,32,5.65,2
1374,2,6,38.28,5
1375,1,29,24.71,3
1376,1,19,14.34,4
1377,1,46,27.64,2
1377,2,33,37,4
1378,1,35,7.18,3
1379,1,7,19.16,1
1379,2,40,34.06,4
1380,1,21,38.34,1
1381,1,27,39.91,4
1382,1,46,27.64,4
1382,2,13,12.64,3
1382,3,31,28.59,3
1383,1,6,38.28,1
1383,2,2,29.55,2
1383,3,37,29.51,3
1384,1,21,38.34,3
1384,2,16,13.09,4
1385,1,32,5.65,3
1385,2,5,43.71,3
1386,1,40,34.06,3
1386,2,9,21.16,3
1386,3,35,7.18,1
1387,1,31,28.59,1
1387,2,36,49.12,3
1387,3,14,26.14,4
1388,1,19,14.34,5
1388,2,13,12.64,3
1389,1,15,13.97,4
1389,2,33,37,2
1390,1,12,10.48,2
1390,2,28,10.24,2
1390,3,9,21.16,2
1391,1,40,34.06,5
1392,1,24,48.39,2
1392,2,30,37.34,2
1393,1,22,39.78,4
1394,1,19,14.34,2
1394,2,41,8.66,4
1395,1,23,10.33,5
1395,2,4,44.17,1
1396,1,25,9.8,3
1396,2,21,38.34,4
1397,1,33,37,2
1398,1,22,39.78,4
1398,2,11,30.69,4
1399,1,31,28.59,5
1399,2,15,13.97,2
1399,3,16,13.09,5
1400,1,11,30.69,5
1400,2,6,38.28,5
1401,1,22,39.78,2
1402,1,33,37,1
1402,2,19,14.34,2
1403,1,17,39.89,5
1404,1,28,10.24,2
1404,2,16,13.09,2
1405,1,30,37.34,1
1406,1,30,37.34,2
1406,2,46,27.64,4
1407,1,12,10.48,1
1407,2,9,21.16,5
1407,3,20,28.21,3
1408,1,14,26.14,2
1408,2,29,24.71,2
1409,1,44,39.32,2
1410,1,20,28.21,4
1410,2,7,19.16,4
1411,1,28,10.24,5
1411,2,23,10.33,4
1412,1,22,39.78,4
1412,2,35,7.18,5
1413,1,30,37.34,4
1413,2,38,22.98,4
1414,1,13,12.64,5
1414,2,26,48.75,4
1415,1,44,39.32,3
1416,1,40,34.06,4
1417,1,32,5.65,2
1417,2,29,24.71,2
1417,3,33,37,4
1418,1,31,28.59,2
1418,2,45,31.68,3
1419,1,33,37,2
1419,2,12,10.48,3
1420,1,2,29.55,3
1420,2,29,24.71,3
1420,3,40,34.06,3
1421,1,34,23.32,2
1421,2,14,26.14,4
1422,1,25,9.8,5
1422,2,22,39.78,4
1423,1,18,24.46,4
1423,2,27,39.91,2
1424,1,19,14.34,1
1424,2,27,39.91,1
1425,1,21,38.34,5
1425,2,29,24.71,4
1426,1,41,8.66,1
1427,1,3,16.67,3
1427,2,14,26.14,2
1427,3,46,27.64,2
1428,1,26,48.75,5
1428,2,14,26.14,2
1429,1,20,28.21,4
1429,2,45,31.68,4
1430,1,10,29.49,2
1430,2,14,26.14,1
1431,1,36,49.12,1
1431,2,11,30.69,3
1431,3,30,37.34,3
1432,1,19,14.34,3
1432,2,35,7.18,4
1433,1,20,28.21,2
1433,2,10,29.49,4
1434,1,37,29.51,4
1435,1,29,24.71,2
1435,2,7,19.16,5
1436,1,25,9.8,4
1436,2,16,13.09,3
1436,3,14,26.14,4
1437,1,3,16.67,3
1438,1,11,30.69,4
1438,2,29,24.71,4
1439,1,46,27.64,4
1439,2,9,21.16,3
1440,1,7,19.16,2
1440,2,15,13.97,4
1440,3,22,39.78,5
1441,1,6,38.28,2
1441,2,33,37,3
1442,1,14,26.14,5
1442,2,37,29.51,5
1443,1,33,37,4
1443,2,18,24.46,3
1444,1,10,29.49,4
1444,2,38,22.98,2
1445,1,21,38.34,3
1445,2,32,5.65,4
1446,1,29,24.71,3
1446,2,23,10.33,3
1447,1,42,10.11,4
1448,1,2,29.55,2
1449,1,32,5.65,5
1449,2,42,10.11,4
1449,3,18,24.46,3
1450,1,4,44.17,3
1451,1,10,29.49,5
1451,2,35,7.18,4
1452,1,4,44.17,5
1452,2,14,26.14,1
1453,1,29,24.71,4
1454,1,25,9.8,4
1455,1,45,31.68,3
1455,2,23,10.33,3
1456,1,46,27.64,2
1456,2,43,16.64,5
1457,1,33,37,4
1458,1,2,29.55,2
1458,2,15,13.97,2
1458,3,29,24.71,5
1459,1,21,38.34,4
1459,2,29,24.71,5
1460,1,46,39.16,4
1461,1,30,37.34,1
1461,2,24,48.39,2
1462,1,27,39.91,4
1463,1,44,39.32,3
1463,2,35,7.18,2
1464,1,21,38.34,4
1464,2,38,22.98,2
1465,1,32,5.65,4
1465,2,23,10.33,3
1466,1,12,10.48,2
1466,2,15,13.97,5
1466,3,40,34.06,2
1467,1,44,39.32,4
1467,2,26,48.75,2
1468,1,2,29.55,3
1468,2,45,31.68,4
1469,1,18,24.46,1
1469,2,33,37,4
1470,1,33,37,1
1471,1,14,26.14,2
1471,2,6,38.28,3
1472,1,33,37,4
1472,2,34,23.32,4
1473,1,41,8.66,3
1473,2,3,16.67,3
1473,3,10,29.49,4
1474,1,36,49.12,4
1474,2,33,37,4
1475,1,34,23.32,2
1475,2,46,27.64,5
1476,1,20,28.21,2
1477,1,40,34.06,4
1477,2,32,5.65,3
1477,3,7,19.16,4
1478,1,37,29.51,2
1478,2,21,38.34,2
1479,1,32,5.65,5
1479,2,31,28.59,3
1480,1,42,10.11,4
1480,2,11,30.69,4
1481,1,6,38.28,5
1482,1,46,39.16,3
1482,2,10,29.49,3
1483,1,46,39.16,5
1483,2,23,10.33,3
1483,3,14,26.14,1
1484,1,21,38.34,5
1485,1,13,12.64,4
1485,2,20,28.21,3
1486,1,44,39.32,3
1486,2,36,49.12,2
1486,3,14,26.14,5
1487,1,23,10.33,4
1487,2,27,39.91,2
1488,1,13,12.64,3
1488,2,23,10.33,2
1489,1,13,12.64,2
1489,2,14,26.14,5
1490,1,19,14.34,5
1490,2,39,11,2
1491,1,12,10.48,2
1492,1,38,22.98,3
1492,2,27,39.91,2
1493,1,28,10.24,2
1493,2,39,11,5
1494,1,12,10.48,2
1494,2,23,10.33,3
1495,1,44,39.32,4
1495,2,27,39.91,2
1495,3,46,39.16,2
1496,1,46,27.64,4
1496,2,5,43.71,5
1497,1,45,31.68,1
1497,2,4,44.17,2
1497,3,20,28.21,2
1498,1,16,13.09,2
1498,2,5,43.71,4
1499,1,5,43.71,4
1499,2,37,29.51,5
1500,1,41,8.66,3
1500,2,26,48.75,2
1501,1,28,10.24,5
1501,2,45,31.68,3
1502,1,46,27.64,3
1502,2,26,48.75,3
1503,1,9,21.16,3
1503,2,4,44.17,3
1504,1,43,16.64,5
1504,2,37,29.51,1
1505,1,25,9.8,3
1505,2,35,7.18,2
1506,1,22,39.78,5
1507,1,16,13.09,1
1507,2,36,49.12,2
1508,1,38,22.98,3
1508,2,46,27.64,4
1509,1,44,39.32,5
1509,2,5,43.71,4
1509,3,26,48.75,3
1510,1,7,19.16,4
1510,2,17,39.89,3
1511,1,37,29.51,4
1511,2,18,24.46,4
1512,1,14,26.14,3
1512,2,38,22.98,2
1512,3,10,29.49,3
1513,1,36,49.12,2
1513,2,5,43.71,1
1513,3,44,39.32,4
1514,1,9,21.16,4
1515,1,42,10.11,3
1515,2,35,7.18,2
1516,1,32,5.65,1
1516,2,18,24.46,2
1516,3,13,12.64,3
1517,1,42,10.11,4
1517,2,9,21.16,4
1518,1,36,49.12,3
1518,2,46,27.64,4
1519,1,7,19.16,2
1520,1,13,12.64,4
1520,2,46,27.64,4
1520,3,33,37,1
1521,1,44,39.32,4
1521,2,37,29.51,4
1521,3,14,26.14,3
1522,1,9,21.16,2
1523,1,9,21.16,5
1524,1,15,13.97,2
1524,2,16,13.09,3
1525,1,40,34.06,3
1525,2,17,39.89,4
1526,1,32,5.65,4
1526,2,44,39.32,1
1527,1,38,22.98,4
1527,2,30,37.34,3
1528,1,20,28.21,5
1529,1,27,39.91,2
1530,1,42,10.11,4
1531,1,12,10.48,5
1531,2,2,29.55,4
1532,1,46,27.64,2
1532,2,15,13.97,1
1532,3,17,39.89,2
1533,1,7,19.16,2
1534,1,38,22.98,4
1534,2,3,16.67,4
1535,1,42,10.11,3
1536,1,4,44.17,1
1537,1,44,39.32,3
1537,2,7,19.16,5
1537,3,17,39.89,1
1538,1,13,12.64,4
1538,2,12,10.48,2
1539,1,15,13.97,2
1539,2,29,24.71,4
1540,1,12,10.48,5
1541,1,27,39.91,4
1541,2,43,16.64,5
1542,1,30,37.34,2
1542,2,40,34.06,5
1542,3,41,8.66,1
1543,1,21,38.34,1
1543,2,26,48.75,3
1543,3,11,30.69,4
1544,1,24,48.39,1
1544,2,19,14.34,2
1545,1,13,12.64,3
1545,2,19,14.34,3
1546,1,30,37.34,4
1546,2,28,10.24,2
1547,1,18,24.46,2
1547,2,5,43.71,3
1548,1,10,29.49,4
1549,1,14,26.14,2
1549,2,43,16.64,4
1550,1,42,10.11,5
1550,2,40,34.06,2
1551,1,10,29.49,4
1551,2,32,5.65,5
1551,3,17,39.89,2
1552,1,34,23.32,2
1553,1,44,39.32,4
1553,2,33,37,3
1554,1,12,10.48,2
1554,2,20,28.21,1
1555,1,17,39.89,2
1555,2,34,23.32,2
1556,1,44,39.32,4
1556,2,40,34.06,5
1556,3,9,21.16,1
1557,1,8,19.58,3
1557,2,40,34.06,3
1558,1,46,27.64,2
1558,2,22,39.78,5
1559,1,8,19.58,3
1559,2,15,13.97,4
1560,1,8,19.58,5
1560,2,21,38.34,1
1561,1,43,16.64,1
1561,2,7,19.16,3
1562,1,29,24.71,5
1562,2,15,13.97,3
1563,1,46,27.64,5
1564,1,23,10.33,3
1564,2,5,43.71,4
1565,1,20,28.21,5
1565,2,9,21.16,3
1565,3,5,43.71,3
1566,1,3,16.67,4
1566,2,13,12.64,3
1567,1,27,39.91,3
1568,1,15,13.97,2
1568,2,40,34.06,4
1569,1,37,29.51,5
1569,2,17,39.89,4
1570,1,16,13.09,3
1571,1,20,28.21,1
1572,1,8,19.58,2
1572,2,37,29.51,5
1573,1,33,37,3
1573,2,4,44.17,3
1574,1,19,14.34,4
1575,1,38,22.98,2
1575,2,23,10.33,3
1576,1,31,28.59,4
1576,2,46,27.64,1
1576,3,40,34.06,3
1577,1,34,23.32,3
1577,2,23,10.33,5
1578,1,25,9.8,2
1578,2,18,24.46,4
1579,1,2,29.55,2
1580,1,13,12.64,3
1580,2,2,29.55,4
1581,1,26,48.75,1
1581,2,27,39.91,4
1581,3,35,7.18,3
1582,1,13,12.64,1
1582,2,18,24.46,2
1583,1,11,30.69,3
1583,2,25,9.8,4
1583,3,27,39.91,1
1584,1,8,19.58,2
1584,2,19,14.34,1
1584,3,18,24.46,2
1585,1,3,16.67,4
1585,2,18,24.46,2
1586,1,35,7.18,1
1586,2,16,13.09,2
1587,1,32,5.65,4
1588,1,6,38.28,2
1588,2,31,28.59,2
1589,1,44,39.32,4
1590,1,24,48.39,2
1590,2,18,24.46,4
1591,1,19,14.34,5
1592,1,7,19.16,2
1592,2,16,13.09,1
1593,1,19,14.34,4
1593,2,41,8.66,2
1594,1,13,12.64,3
1594,2,43,16.64,1
1595,1,3,16.67,2
1596,1,14,26.14,1
1596,2,5,43.71,4
1596,3,27,39.91,2
1597,1,28,10.24,5
1597,2,46,27.64,4
1598,1,20,28.21,2
1598,2,38,22.98,5
1599,1,21,38.34,2
1599,2,42,10.11,1
1599,3,17,39.89,2
1600,1,32,5.65,2
1601,1,44,39.32,3
1602,1,3,16.67,1
1602,2,36,49.12,4
1603,1,29,24.71,2
1603,2,44,39.32,2
1604,1,5,43.71,5
1605,1,32,5.65,4
1606,1,6,38.28,4
1607,1,40,34.06,2
1607,2,12,10.48,2
1608,1,35,7.18,3
1609,1,11,30.69,3
1609,2,12,10.48,4
1610,1,28,10.24,4
1610,2,4,44.17,5
1611,1,13,12.64,4
1611,2,26,48.75,3
1612,1,36,49.12,3
1612,2,44,39.32,4
1613,1,11,30.69,5
1613,2,12,10.48,3
1613,3,37,29.51,3
1614,1,20,28.21,3
1614,2,17,39.89,1
1615,1,26,48.75,4
1615,2,46,39.16,4
1616,1,25,9.8,4
1616,2,23,10.33,1
1617,1,10,29.49,4
1618,1,27,39.91,3
1618,2,6,38.28,3
1618,3,15,13.97,3
1619,1,11,30.69,2
1619,2,22,39.78,4
1620,1,24,48.39,4
1620,2,18,24.46,2
1621,1,12,10.48,2
1621,2,10,29.49,3
1622,1,7,19.16,2
1622,2,23,10.33,3
1623,1,3,16.67,2
1623,2,45,31.68,1
1624,1,10,29.49,5
1624,2,28,10.24,4
1625,1,12,10.48,4
1625,2,25,9.8,4
1626,1,14,26.14,2
1626,2,21,38.34,4
1627,1,33,37,5
1628,1,8,19.58,1
1629,1,37,29.51,3
1629,2,14,26.14,2
1630,1,28,10.24,4
1631,1,17,39.89,1
1632,1,18,24.46,2
1632,2,25,9.8,3
1633,1,15,13.97,2
1633,2,39,11,4
1634,1,4,44.17,2
1634,2,22,39.78,4
1634,3,18,24.46,4
1635,1,15,13.97,1
1635,2,4,44.17,4
1635,3,36,49.12,2
1636,1,9,21.16,2
1636,2,19,14.34,3
1637,1,25,9.8,2
1638,1,25,9.8,1
1638,2,13,12.64,4
1639,1,37,29.51,3
1640,1,45,31.68,2
1640,2,44,39.32,4
1641,1,34,23.32,4
1641,2,20,28.21,3
1641,3,25,9.8,3
1642,1,22,39.78,5
1642,2,31,28.59,5
1643,1,6,38.28,2
1643,2,37,29.51,2
1644,1,43,16.64,4
1644,2,21,38.34,4
1645,1,2,29.55,1
1645,2,35,7.18,2
1645,3,11,30.69,5
1646,1,27,39.91,2
1647,1,45,31.68,2
1647,2,10,29.49,4
1648,1,31,28.59,3
1648,2,23,10.33,1
1649,1,30,37.34,1
1649,2,31,28.59,1
1650,1,28,10.24,3
1650,2,35,7.18,3
1651,1,35,7.18,5
1652,1,16,13.09,3
